1181,0,1,241,260,TOQooりんご,0,0,0,0,0,0,0,,20250529追加
1182,0,1,241,260,TOQooぶどう,0,0,0,0,0,0,0,,20250529追加
1183,0,1,241,260,TOQooもも,0,0,0,0,0,0,0,,20250529追加
1185,0,1,176,190,TOグレープ果汁100％,0,0,0,0,0,0,0,,20250227追加
1186,0,1,176,190,TOアップル果汁100％,0,0,0,0,0,0,0,,20250227追加
2820,0,1,399,430,いなり玉子合盛り    ,0,0,0,0,0,0,0,,20241024追加
3168,0,1,959,1035,ＴＯ肉厚とろ〆鯖９切れ,0,0,0,0,0,0,0,,20250327追加
3170,0,1,102,110,TO用刻みえんがわ大葉軍艦,0,0,0,0,0,0,0,,20241121追加
3171,0,1,500,540,特撰恵方巻,0,0,0,0,0,0,0,,20241226追加
3172,0,1,1380,1490,豪華海鮮恵方巻〜本鮪中とろ使用〜,0,0,0,0,0,0,0,,20241226追加
3173,0,1,389,420,TOみたらし団子2本,0,0,0,0,0,0,0,,20250227追加
3174,0,1,1167,1260,TOプリン2個みたらし2本,0,0,0,0,0,0,0,,20250703追加
3175,0,1,436,470,TO団子あんこみたらし,0,0,0,0,0,0,0,,20250807追加
3176,0,1,1908,2060,秋のオードブル,0,0,0,0,0,0,0,,20250904追加
3177,0,1,241,260,TOシャリドーナツ5個きな粉,0,0,0,0,0,0,0,,20250904追加
3178,0,1,241,260,TOシャリドーナツ5個ｼﾅﾓﾝ,0,0,0,0,0,0,0,,20250904追加
3179,0,1,288,310,ちょい足し恵方細巻（かっぱ巻・鉄火巻）,0,0,0,0,0,0,0,,20241226追加
3180,0,1,288,310,ちょい足し恵方細巻（納豆巻・鉄火巻）,0,0,0,0,0,0,0,,20241226追加
3181,0,1,1065,1150,特撰恵方巻とちょい足し恵方巻セット,0,0,0,0,0,0,0,,20241226追加
3182,0,1,1306,1410,秋の彩りセット1人前,0,0,0,0,0,0,0,,20250904追加
3183,0,1,2612,2820,秋の彩りセット2人前,0,0,0,0,0,0,0,,20250904追加
3184,0,1,3917,4230,秋の彩りセット3人前,0,0,0,0,0,0,0,,20250904追加
3185,0,1,5223,5640,秋の彩りセット4人前,0,0,0,0,0,0,0,,20250904追加
3186,0,1,6528,7050,秋の彩りセット5人前,0,0,0,0,0,0,0,,20250904追加
3187,0,1,1602,1730,秋の彩りセット1人前プリン１個,0,0,0,0,0,0,0,,20250904追加
3188,0,1,3204,3460,秋の彩りセット2人前プリン2個,0,0,0,0,0,0,0,,20250904追加
3189,0,1,4806,5190,秋の彩りセット3人前プリン3個,0,0,0,0,0,0,0,,20250904追加
3190,0,1,6408,6920,秋の彩りセット4人前プリン4個,0,0,0,0,0,0,0,,20250904追加
3191,0,1,8010,8650,秋の彩りセット5人前プリン5個,0,0,0,0,0,0,0,,20250904追加
3192,0,1,820,885,お手頃11種セット1人前,0,0,0,0,0,0,0,,20250227追加
3193,0,1,1639,1770,お手頃11種セット2人前,0,0,0,0,0,0,0,,20250227追加
3194,0,1,2459,2655,お手頃11種セット3人前,0,0,0,0,0,0,0,,20250227追加
3195,0,1,3278,3540,お手頃11種セット4人前,0,0,0,0,0,0,0,,20250227追加
3196,0,1,4098,4425,お手頃11種セット5人前,0,0,0,0,0,0,0,,20250227追加
3197,0,1,362,390,ＴＯ黒蜜宇治抹茶プリン,0,0,0,0,0,0,0,,20250313追加
3198,0,1,2195,2370,TOｽｲｰﾂBOXプリン3宇治抹茶3,0,0,0,0,0,0,0,,20250529追加
3214,0,1,1389,1500,人気ネタ16貫セット,0,0,0,0,0,0,0,,20230921追加
3215,0,1,584,630,人気ネタ9貫セット,0,0,0,0,0,0,0,,20230921追加
3216,0,1,2399,2590,かっぱの人気にぎり9種36貫セット,0,0,0,0,0,0,0,,20230921追加
3217,0,1,1000,1080,まぐろセット　１人前,0,0,0,0,0,0,0,,20230921追加
3218,0,1,2000,2160,まぐろセット　２人前,0,0,0,0,0,0,0,,20230921追加
3219,0,1,908,980,サーモンいくらセット　１人前,0,0,0,0,0,0,0,,20230921追加
3220,0,1,1815,1960,サーモンいくらセット　２人前,0,0,0,0,0,0,0,,20230921追加
3221,0,1,1000,1080,まぐろサーモンいくらセット　１人前,0,0,0,0,0,0,0,,20230921追加
3222,0,1,2000,2160,まぐろサーモンいくらセット　２人前,0,0,0,0,0,0,0,,20230921追加
3223,0,1,524,565,かっぱのにぎり9貫〜おもちゃ・ゼリーつき〜,0,0,0,0,0,0,0,,20250327追加
3224,0,1,431,465,カップちらし寿司〜おもちゃつき〜,0,0,0,0,0,0,0,,20250227追加
3225,0,1,390,421,特盛チキンナゲット〜ケチャップ・ペッパーマヨ添え〜,0,0,0,0,0,0,0,,20230921追加
3226,0,1,297,320,ちょい足し寿司まぐろ,0,0,0,0,0,0,0,,20241024追加
3227,0,1,297,320,ちょい足し寿司いか,0,0,0,0,0,0,0,,20241024追加
3228,0,1,297,320,ちょい足し寿司　えび,0,0,0,0,0,0,0,,20241024追加
3229,0,1,297,320,ちょい足し寿司　ｻｰﾓﾝ,0,0,0,0,0,0,0,,20241024追加
3230,0,1,584,630,ちょい足し寿司　鉄火巻,0,0,0,0,0,0,0,,20250227追加
3231,0,1,297,320,ちょい足し寿司　ｻﾗﾀﾞ,0,0,0,0,0,0,0,,20241024追加
3232,0,1,399,430,特盛フライドポテト〜ケチャップ添え〜,0,0,0,0,0,0,0,,20250227追加
3233,0,1,399,430,特盛フライドポテト〜ペッパーマヨ添え〜,0,0,0,0,0,0,0,,20250227追加
3234,0,1,278,300,チキンナゲット〜ケチャップ・ペッパーマヨ添え〜,0,0,0,0,0,0,0,,20241024追加
3235,0,1,306,330,フライドポテト〜ケチャップ添え〜,0,0,0,0,0,0,0,,20250227追加
3236,0,1,306,330,フライドポテト〜ペッパーマヨ添え〜,0,0,0,0,0,0,0,,20250227追加
3237,0,1,306,330,TOとり唐揚げ,0,0,0,0,0,0,0,,20250227追加
3238,0,1,389,420,TO特盛とり唐揚げマヨ,0,0,0,0,0,0,0,,20241024追加
3239,0,1,362,390,TOルマンドプレミアムプリン,0,0,0,0,0,0,0,,20250904追加
3240,0,1,2278,2460,TOｽｲｰﾂBOX(ﾌﾟﾘﾝ3いちご杏仁3個）,0,0,0,0,0,0,0,,20250612追加
3241,0,1,2112,2280,TOｽｲｰﾂBOX(ﾌﾟﾘﾝ3ﾙﾏﾝﾄﾞﾌﾟﾘﾝ3）,0,0,0,0,0,0,0,,20250904追加
3247,0,1,102,110,TOとびこのせ生小柱軍艦,0,0,0,0,0,0,0,,20241024追加
3248,0,1,137,147,TOたらこのせ生小柱大葉軍艦,0,0,0,0,0,0,0,,20241024追加
3324,0,1,1741,1880,TOBOXプリン3個・チョコプリン3個,0,0,0,0,0,0,0,,20231130追加
3325,0,1,1399,1510,夏のごちそう12種セット1人前,0,0,0,0,0,0,0,,20250703追加
3326,0,1,2797,3020,夏のごちそう12種セット 2人前,0,0,0,0,0,0,0,,20250703追加
3327,0,1,4195,4530,夏のごちそう12種セット 3人前,0,0,0,0,0,0,0,,20250703追加
3328,0,1,5593,6040,夏のごちそう12種セット 4人前,0,0,0,0,0,0,0,,20250703追加
3329,0,1,6991,7550,夏のごちそう12種セット 5人前,0,0,0,0,0,0,0,,20250703追加
3330,0,1,1695,1830,夏のごちそう12種1人前ﾌﾟﾘﾝ1個,0,0,0,0,0,0,0,,20250703追加
3331,0,1,3389,3660,夏のごちそう12種2人前ﾌﾟﾘﾝ2個,0,0,0,0,0,0,0,,20250703追加
3332,0,1,5084,5490,夏のごちそう12種3人前ﾌﾟﾘﾝ3個,0,0,0,0,0,0,0,,20250703追加
3333,0,1,6778,7320,夏のごちそう12種4人前ﾌﾟﾘﾝ4個,0,0,0,0,0,0,0,,20250703追加
3334,0,1,8473,9150,夏のごちそう12種5人前ﾌﾟﾘﾝ5個,0,0,0,0,0,0,0,,20250703追加
3335,0,1,1760,1900,夏のごちそう12種1人前おつまみ1,0,0,0,0,0,0,0,,20250703追加
3336,0,1,3519,3800,夏のごちそう12種2人前おつまみ2,0,0,0,0,0,0,0,,20250703追加
3337,0,1,5278,5700,夏のごちそう12種3人前おつまみ3,0,0,0,0,0,0,0,,20250703追加
3338,0,1,7038,7600,夏のごちそう12種4人前おつまみ4,0,0,0,0,0,0,0,,20250703追加
3339,0,1,8797,9500,夏のごちそう12種5人前おつまみ5,0,0,0,0,0,0,0,,20250703追加
3340,0,1,2241,2420,豪華贅沢セット　１人前,0,0,0,0,0,0,0,,20241121追加
3341,0,1,4482,4840,豪華贅沢セット　２人前,0,0,0,0,0,0,0,,20241121追加
3342,0,1,6723,7260,豪華贅沢セット　３人前,0,0,0,0,0,0,0,,20241121追加
3343,0,1,2426,2620,豪華贅沢セット1人前+プリン1個,0,0,0,0,0,0,0,,20231130追加
3344,0,1,4852,5240,豪華贅沢セット2人前+プリン2個,0,0,0,0,0,0,0,,20231130追加
3345,0,1,7278,7860,豪華贅沢セット3人前+プリン3個,0,0,0,0,0,0,0,,20231130追加
3346,0,1,2426,2620,豪華贅沢セット1人前+チョコプリン1個,0,0,0,0,0,0,0,,20231130追加
3347,0,1,4852,5240,豪華贅沢セット2人前+チョコプリン2個,0,0,0,0,0,0,0,,20231130追加
3348,0,1,7278,7860,豪華贅沢セット3人前+チョコプリン3個,0,0,0,0,0,0,0,,20231130追加
3349,0,1,1834,1980,TOふくいサーモンの特製押し寿司1本,0,0,0,0,0,0,0,,20250807追加
3350,0,1,917,990,TOふくいサーモンの特製押し寿司ﾊｰﾌ,0,0,0,0,0,0,0,,20250807追加
3351,0,1,102,110,TOまぐろぶつたく軍艦,0,0,0,0,0,0,0,,20241024追加
3352,0,1,102,110,TO釜揚げしらす軍艦〜卵黄ソース〜,0,0,0,0,0,0,0,,20241024追加
3353,0,1,102,110,TO釜揚げしらす軍艦,0,0,0,0,0,0,0,,20250703追加
3354,0,1,102,110,TO京わらびもち,0,0,0,0,0,0,0,,20250529追加
3355,0,1,1167,1260,TO冷凍クリームケーキ6個,0,0,0,0,0,0,0,,20250227追加
3356,0,1,510,550,厳選ネタ8貫セット,0,0,0,0,0,0,0,,20250327追加
3357,0,1,2408,2600,特撰恵方巻と豪華海鮮恵方巻＆プレミアムプリンペアセット,0,0,0,0,0,0,0,,20241226追加
3434,0,1,1176,1270,人気11種セット1人前,0,0,0,0,0,0,0,,20250529追加
3435,0,1,2352,2540,人気11種セット2人前,0,0,0,0,0,0,0,,20250529追加
3436,0,1,3528,3810,人気11種セット3人前,0,0,0,0,0,0,0,,20250529追加
3437,0,1,4704,5080,人気11種セット4人前,0,0,0,0,0,0,0,,20250529追加
3438,0,1,5880,6350,人気11種セット5人前,0,0,0,0,0,0,0,,20250529追加
3439,0,1,1695,1830,極上11種セット1人前,0,0,0,0,0,0,0,,20250529追加
3440,0,1,3389,3660,極上11種セット2人前,0,0,0,0,0,0,0,,20250529追加
3441,0,1,5084,5490,極上11種セット3人前,0,0,0,0,0,0,0,,20250529追加
3442,0,1,6778,7320,極上11種セット4人前,0,0,0,0,0,0,0,,20250529追加
3443,0,1,8473,9150,極上11種セット5人前,0,0,0,0,0,0,0,,20250529追加
3444,0,1,1602,1730,豪華贅沢11種セット1人前,0,0,0,0,0,0,0,,20240411追加
3445,0,1,3102,3350,豪華贅沢11種セット2人前,0,0,0,0,0,0,0,,20240411追加
3446,0,1,4584,4950,豪華贅沢11種セット3人前,0,0,0,0,0,0,0,,20240411追加
3447,0,1,1806,1950,豪華贅沢11種セット1人前プリン1個,0,0,0,0,0,0,0,,20240411追加
3448,0,1,3510,3790,豪華贅沢11種セット2人前プリン2個,0,0,0,0,0,0,0,,20240411追加
3449,0,1,5195,5610,豪華贅沢11種セット3人前プリン3個,0,0,0,0,0,0,0,,20240411追加
4026,0,1,139,150,TOずわい蟹ほぐし身軍艦,0,0,0,0,0,0,0,,20241226追加
4281,0,1,297,320,ちょい足し寿司コーン,0,0,0,0,0,0,0,,20241024追加
4349,0,1,547,590,ちょい足し寿司　ﾌﾟﾚﾐｱﾑｻﾗﾀﾞ,0,0,0,0,0,0,0,,20241226追加
4386,0,1,112,120,TOあじたたき軍艦,0,0,0,0,0,0,0,,20241226追加
4477,0,1,149,160,TOみなみ鮪中とろぶつ軍艦,0,0,0,0,0,0,0,,20250904追加
4478,0,1,213,230,TOみなみ鮪中とろぶつ&蟹軍艦,0,0,0,0,0,0,0,,20250904追加
4479,0,1,102,110,TO甘海老軍艦,0,0,0,0,0,0,0,,20250904追加
4480,0,1,5556,6000,夏のパーティーコンソメ,0,0,0,0,0,0,0,,20250703追加
4481,0,1,2306,2490,夏のごちそうオードブル,0,0,0,0,0,0,0,,20250703追加
4482,0,1,408,440,TO3種のおつまみ,0,0,0,0,0,0,0,,20250904追加
4483,0,1,1667,1800,バラエティ16貫セット,0,0,0,0,0,0,0,,20250703追加
4491,0,1,5556,6000,夏のパーティーのり塩,0,0,0,0,0,0,0,,20250703追加
4619,0,1,1936,2090,ひなちらし(2〜3人前),0,0,0,0,0,0,0,,20250227追加
4620,0,1,2621,2830,ひなちらし＆特盛ポテト唐揚げセット,0,0,0,0,0,0,0,,20250227追加
4621,0,1,2760,2980,ひなちらし＆プリン3個セット,0,0,0,0,0,0,0,,20250227追加
4624,0,1,1473,1590,贅沢小町10種セット,0,0,0,0,0,0,0,,20250424追加
4625,0,1,1834,1980,贅沢小町10種プリンセット,0,0,0,0,0,0,0,,20250424追加
4626,0,1,1834,1980,贅沢小町10種黒みつ抹茶プリンセット,0,0,0,0,0,0,0,,20250424追加
4627,0,1,1250,1350,大切り鮪ｻｰﾓﾝの彩り11種ｾｯﾄ1人前,0,0,0,0,0,0,0,,20250529追加
4628,0,1,2500,2700,大切り鮪ｻｰﾓﾝの彩り11種ｾｯﾄ2人前,0,0,0,0,0,0,0,,20250529追加
4629,0,1,3750,4050,大切り鮪ｻｰﾓﾝの彩り11種ｾｯﾄ3人前,0,0,0,0,0,0,0,,20250529追加
4630,0,1,5000,5400,大切り鮪ｻｰﾓﾝの彩り11種ｾｯﾄ4人前,0,0,0,0,0,0,0,,20250529追加
4631,0,1,6250,6750,大切り鮪ｻｰﾓﾝの彩り11種ｾｯﾄ5人前,0,0,0,0,0,0,0,,20250529追加
4632,0,1,1639,1770,大切り鮪ｻｰﾓﾝの彩り11種1人前ﾌﾟﾘﾝ1個ｾｯﾄ,0,0,0,0,0,0,0,,20250529追加
4633,0,1,3278,3540,大切り鮪ｻｰﾓﾝの彩り11種2人前ﾌﾟﾘﾝ2個ｾｯﾄ,0,0,0,0,0,0,0,,20250529追加
4634,0,1,4917,5310,大切り鮪ｻｰﾓﾝの彩り11種3人前ﾌﾟﾘﾝ3個ｾｯﾄ,0,0,0,0,0,0,0,,20250529追加
4635,0,1,6556,7080,大切り鮪ｻｰﾓﾝの彩り11種4人前ﾌﾟﾘﾝ4個ｾｯﾄ,0,0,0,0,0,0,0,,20250529追加
4636,0,1,8195,8850,大切り鮪ｻｰﾓﾝの彩り11種5人前ﾌﾟﾘﾝ5個ｾｯﾄ,0,0,0,0,0,0,0,,20250529追加
4637,0,1,1612,1740,大切り鮪ｻｰﾓﾝの彩り11種1人前黒みつ抹茶ﾌﾟﾘﾝ1個ｾｯﾄ,0,0,0,0,0,0,0,,20250529追加
4638,0,1,3223,3480,大切り鮪ｻｰﾓﾝの彩り11種2人前黒みつ抹茶ﾌﾟﾘﾝ2個ｾｯﾄ,0,0,0,0,0,0,0,,20250529追加
4639,0,1,4834,5220,大切り鮪ｻｰﾓﾝの彩り11種3人前黒みつ抹茶ﾌﾟﾘﾝ3個ｾｯﾄ,0,0,0,0,0,0,0,,20250529追加
4640,0,1,6445,6960,大切り鮪ｻｰﾓﾝの彩り11種4人前黒みつ抹茶ﾌﾟﾘﾝ4個ｾｯﾄ,0,0,0,0,0,0,0,,20250529追加
4641,0,1,8056,8700,大切り鮪ｻｰﾓﾝの彩り11種5人前黒みつ抹茶ﾌﾟﾘﾝ5個ｾｯﾄ,0,0,0,0,0,0,0,,20250529追加
4642,0,1,454,490,人気ネタ8貫セット,0,0,0,0,0,0,0,,20240307追加
4643,0,1,1723,1860,まんぷく16貫セット,0,0,0,0,0,0,0,,20250529追加
4644,0,1,1982,2140,特上10貫セット,0,0,0,0,0,0,0,,20250529追加
4645,0,1,1070,1155,まぐろ尽くし6種セット1人前,0,0,0,0,0,0,0,,20250227追加
4646,0,1,2139,2310,まぐろ尽くし6種セット2人前,0,0,0,0,0,0,0,,20250227追加
4647,0,1,1107,1195,まぐろ・サーモン特盛いくら6種セット1人前,0,0,0,0,0,0,0,,20250227追加
4648,0,1,2213,2390,まぐろ・サーモン特盛いくら6種セット2人前,0,0,0,0,0,0,0,,20250227追加
4649,0,1,977,1055,サーモン特盛いくら尽くしセット1人前,0,0,0,0,0,0,0,,20250227追加
4650,0,1,1954,2110,サーモン特盛いくら尽くしセット2人前,0,0,0,0,0,0,0,,20250227追加
4661,0,1,389,420,TOプレミアムプリン,0,0,0,0,0,0,0,,20250529追加
4662,0,1,389,420,TOいちご練乳杏仁豆腐,0,0,0,0,0,0,0,,20250612追加
4663,0,1,1834,1980,TO冷凍チーズケーキ6個,0,0,0,0,0,0,0,,20250227追加
4664,0,1,1834,1980,TO冷凍チョコレートケーキ6個,0,0,0,0,0,0,0,,20250227追加
4665,0,1,102,110,TOえんがわ刻み軍艦,0,0,0,0,0,0,0,,20250227追加
4680,0,1,399,430,TOカムジャパン,0,0,0,0,0,0,0,,20250612追加
4681,0,1,1482,1600,TOBOXヨーグルトアイスボウルﾊﾁﾐﾂがけ3個,0,0,0,0,0,0,0,,20250612追加
4682,0,1,1482,1600,TOBOXヨーグルトアイスボウル3個,0,0,0,0,0,0,0,,20250612追加
4683,0,1,2195,2370,TOBOXプリン3個・チョコプリン3個,0,0,0,0,0,0,0,,20241205追加
4684,0,1,1260,1360,春の華やか12種セット1人前,0,0,0,0,0,0,0,,20250327追加
4685,0,1,2519,2720,春の華やか12種セット2人前,0,0,0,0,0,0,0,,20250327追加
4686,0,1,3778,4080,春の華やか12種セット3人前,0,0,0,0,0,0,0,,20250327追加
4687,0,1,5038,5440,春の華やか12種セット4人前,0,0,0,0,0,0,0,,20250327追加
4688,0,1,6297,6800,春の華やか12種セット5人前,0,0,0,0,0,0,0,,20250327追加
4689,0,1,1575,1700,春の彩り華やか12種セット1人前＋プリン1個セット,0,0,0,0,0,0,0,,20250327追加
4690,0,1,3149,3400,春の彩り華やか12種セット2人前＋プリン2個セット,0,0,0,0,0,0,0,,20250327追加
4691,0,1,4723,5100,春の彩り華やか12種セット3人前＋プリン3個セット,0,0,0,0,0,0,0,,20250327追加
4692,0,1,6297,6800,春の彩り華やか12種セット4人前＋プリン4個セット,0,0,0,0,0,0,0,,20250327追加
4693,0,1,7871,8500,春の彩り華やか12種セット5人前＋プリン5個セット,0,0,0,0,0,0,0,,20250327追加
4694,0,1,1575,1700,春の彩り華やか12種セット1人前＋抹茶プリン1個セット,0,0,0,0,0,0,0,,20250327追加
4695,0,1,3149,3400,春の彩り華やか12種セット2人前＋抹茶プリン2個セット,0,0,0,0,0,0,0,,20250327追加
4696,0,1,4723,5100,春の彩り華やか12種セット3人前＋抹茶プリン3個セット,0,0,0,0,0,0,0,,20250327追加
4697,0,1,6297,6800,春の彩り華やか12種セット4人前＋抹茶プリン4個セット,0,0,0,0,0,0,0,,20250327追加
4698,0,1,7871,8500,春の彩り華やか12種セット5人前＋抹茶プリン5個セット,0,0,0,0,0,0,0,,20250327追加
4699,0,1,843,910,まんぞく11種セット1人前,0,0,0,0,0,0,0,,20250529追加
4700,0,1,1686,1820,まんぞく11種セット2人前,0,0,0,0,0,0,0,,20250529追加
4701,0,1,2528,2730,まんぞく11種セット3人前,0,0,0,0,0,0,0,,20250529追加
4702,0,1,3371,3640,まんぞく11種セット4人前,0,0,0,0,0,0,0,,20250529追加
4703,0,1,4213,4550,まんぞく11種セット5人前,0,0,0,0,0,0,0,,20250529追加
4704,0,1,399,430,いなり玉子合盛り    ,0,0,0,0,0,0,0,,20250327追加
4705,0,1,2125,2295,手巻き寿司セット    ,0,0,0,0,0,0,0,,20250529追加
4706,0,1,524,565,かっぱのにぎり9貫〜おもちゃ・ゼリーつき〜,0,0,0,0,0,0,0,,20250327追加
4707,0,1,806,870,TOうなぎ丼,0,0,0,0,0,0,0,,20241024追加
4708,0,1,1723,1860,TO特上うなぎ丼,0,0,0,0,0,0,0,,20241024追加
4709,0,1,834,900,TOまぐろづくし丼,0,0,0,0,0,0,0,,20250612追加
4710,0,1,834,900,TO9種の海鮮丼,0,0,0,0,0,0,0,,20250612追加
4711,0,1,834,900,TO贅沢大えび天丼,0,0,0,0,0,0,0,,20250612追加
4712,0,1,463,500,TO鯛スープの塩ラーメン,0,0,0,0,0,0,0,,20241024追加
4713,0,1,463,500,TO醤油ラーメン,0,0,0,0,0,0,0,,20241024追加
4714,0,1,926,1000,TOまぐろづくし丼,0,0,0,0,0,0,0,,20250227追加
4715,0,1,926,1000,TO10種の海鮮丼,0,0,0,0,0,0,0,,20250227追加
4716,0,1,834,900,TO贅沢大海老天丼,0,0,0,0,0,0,0,,20250904追加
4717,0,1,1834,1980,TO贅沢うにいくら丼,0,0,0,0,0,0,0,,20250227追加
4718,0,1,463,500,TO鯛スープの塩ラーメン,0,0,0,0,0,0,0,,20250529追加
4719,0,1,463,500,TO醤油ラーメン,0,0,0,0,0,0,0,,20250529追加
4825,0,1,639,690,TO小なす浅漬け（袋）,0,0,0,0,0,0,0,,20250227追加
4826,0,1,334,360,TO白えび軍艦,0,0,0,0,0,0,0,,20250612追加
4827,0,1,102,110,TOほたるいか軍艦,0,0,0,0,0,0,0,,20250612追加
4838,0,1,352,380,TO用だんご2本セット,0,0,0,0,0,0,0,,20240704追加
4839,0,1,926,1000,TO用プリン2個とだんご2本セット,0,0,0,0,0,0,0,,20240704追加
4840,0,1,454,490,TOポテト(のり塩),0,0,0,0,0,0,0,,20250703追加
4841,0,1,454,490,TOポテト(コンソメ),0,0,0,0,0,0,0,,20250703追加
4842,0,1,741,800,TOフライドチキン（4本）,0,0,0,0,0,0,0,,20250703追加
4843,0,1,852,920,にぎわい11種セット 1人前,0,0,0,0,0,0,0,,20250703追加
4844,0,1,1704,1840,にぎわい11種セット 2人前,0,0,0,0,0,0,0,,20250703追加
4845,0,1,2556,2760,にぎわい11種セット 3人前,0,0,0,0,0,0,0,,20250703追加
4846,0,1,3408,3680,にぎわい11種セット 4人前,0,0,0,0,0,0,0,,20250703追加
4847,0,1,4260,4600,にぎわい11種セット 5人前,0,0,0,0,0,0,0,,20250703追加
4848,0,1,1704,1840,極み11種セット 1人前,0,0,0,0,0,0,0,,20250703追加
4849,0,1,3408,3680,極み11種セット 2人前,0,0,0,0,0,0,0,,20250703追加
4850,0,1,5112,5520,極み11種セット 3人前,0,0,0,0,0,0,0,,20250703追加
4851,0,1,6815,7360,極み11種セット 4人前,0,0,0,0,0,0,0,,20250703追加
4852,0,1,8519,9200,極み11種セット 5人前,0,0,0,0,0,0,0,,20250703追加
4858,0,1,1362,1470,人気ネタ16貫セット,0,0,0,0,0,0,0,,20230329追加
4859,0,1,547,590,人気ネタ9貫セット,0,0,0,0,0,0,0,,20230329追加
4860,0,1,2130,2300,贅沢いくらちらし,0,0,0,0,0,0,0,,20250327追加
4861,0,1,732,790,厳選海鮮ばらちらし,0,0,0,0,0,0,0,,20241107追加
4862,0,1,723,780,まぐろ鉄火ちらし,0,0,0,0,0,0,0,,20241107追加
4863,0,1,1380,1490,いくらサーモンちらし,0,0,0,0,0,0,0,,20250327追加
4864,0,1,389,420,おこさまちらし,0,0,0,0,0,0,0,,20230329追加
4996,0,1,399,430,TOチョコムース＆プリン,0,0,0,0,0,0,0,,20241205追加
6000,0,1,237,260,▼▼蟹いくらの合盛り軍艦,0,0,0,0,0,0,0,,20250327追加
6001,0,1,200,220,▼1貫)ずわい蟹天にぎり,0,0,0,0,0,0,0,,20241205追加
6002,0,1,446,490,ふりポテ のり塩味,0,0,0,0,0,0,0,,20250529追加
6003,0,1,446,490,ふりポテ コンソメ味,0,0,0,0,0,0,0,,20250529追加
6004,0,1,100,110,サーモン,0,0,0,0,0,0,0,,20241024追加
6005,0,1,100,110,1貫)うなぎ,0,0,0,0,0,0,0,,20250717追加
6006,0,1,137,150,1貫)うなぎ炙り 青葱山椒添え,0,0,0,0,0,0,0,,20250717追加
6007,0,1,264,290,1貫)活〆真鯛うにのせ,0,0,0,0,0,0,0,,20250717追加
6008,0,1,282,310,大切りうなぎ炙り＆玉子 二種盛り,0,0,0,0,0,0,0,,20250424追加
6009,0,1,173,190,1貫)大切りみなみ鮪上赤身,0,0,0,0,0,0,0,,20250515追加
6010,0,1,100,110,えび,0,0,0,0,0,0,0,,124
6011,0,1,264,290,夏のスタミナ炙り3種食べ比べ,0,0,0,0,0,0,0,,20250717追加
6012,0,1,237,260,▼▼蒸し牡蠣　食べ比べ,0,0,0,0,0,0,0,,20250227追加
6013,0,1,391,430,うなぎひつまぶし風押し寿司,0,0,0,0,0,0,0,,20250717追加
6014,0,1,355,390,うなぎ茶碗蒸し,0,0,0,0,0,0,0,,20250717追加
6015,0,1,100,110,真いか,0,0,0,0,0,0,0,,20250807追加
6016,0,1,264,290,▼▼秋の彩りとろネタ3貫,0,0,0,0,0,0,0,,20250904追加
6017,0,1,191,210,1貫)ひらめ,0,0,0,0,0,0,0,,20250717追加
6018,0,1,210,230,1貫)ひらめ天,0,0,0,0,0,0,0,,20250717追加
6019,0,1,210,230,1貫)みなみ鮪中とろぶつ&蟹包み,0,0,0,0,0,0,0,,20250904追加
6020,0,1,391,430,ひらめ食べ比べ,0,0,0,0,0,0,0,,20250717追加
6021,0,1,146,160,1貫)ひらめえんがわ軍艦,0,0,0,0,0,0,0,,20250717追加
6022,0,1,100,110,1貫)コノシロ塩〆生姜,0,0,0,0,0,0,0,,20250717追加
6023,0,1,146,160,1貫)北海道産いくら包み,0,0,0,0,0,0,0,,20250807追加
6024,0,1,173,190,煮穴子,0,0,0,0,0,0,0,,20250327追加
6025,0,1,173,190,1貫)大切り鮪上赤身漬け,0,0,0,0,0,0,0,,20250515追加
6026,0,1,146,160,1貫)刻みえんがわ大葉包み,0,0,0,0,0,0,0,,20250925追加
6027,0,1,210,230,まぐろぶつチャンジャ和え軍艦,0,0,0,0,0,0,0,,20250515追加
6029,0,1,628,690,□特盛贅沢軍艦三昧,0,0,0,0,0,0,0,,20251009追加
6030,0,1,546,600,□かっぱのとろ三昧,0,0,0,0,0,0,0,,20250904追加
6031,0,1,137,150,1貫)コノシロ塩〆炙り,0,0,0,0,0,0,0,,20250717追加
6032,0,1,537,590,ウニソースのクリーミーまぜそば 卵黄ソースのせ,0,0,0,0,0,0,0,,20250717追加
6033,0,1,137,150,オニオンサーモン,0,0,0,0,0,0,0,,20241024追加
6034,0,1,673,740,□うにとろうなぎ三昧,0,0,0,0,0,0,0,,20250717追加
6035,0,1,100,110,玉子,0,0,0,0,0,0,0,,137
6036,0,1,173,190,1貫)フグ昆布〆ポン酢ジュレのせ,0,0,0,0,0,0,0,,20250807追加
6037,0,1,491,540,冷し醤油らーめん,0,0,0,0,0,0,0,,20250807追加
6038,0,1,200,220,北海道産いわし食べ比べ（生・塩炙り）,0,0,0,0,0,0,0,,20250410追加
6039,0,1,137,150,オニオンサーモンマヨ,0,0,0,0,0,0,0,,20241024追加
6040,0,1,100,110,1貫)北海道産いわし,0,0,0,0,0,0,0,,20250410追加
6041,0,1,1037,1140,極み贅沢秋の五貫,0,0,0,0,0,0,0,,20250904追加
6042,0,1,491,540,鳥中華らーめん,0,0,0,0,0,0,0,,20250807追加
6043,0,1,119,130,1貫)まぐろぶつチャンジャ和え包み 卵黄ソース,0,0,0,0,0,0,0,,20250515追加
6045,0,1,537,590,とろろ冷し醤油らーめん,0,0,0,0,0,0,0,,20250807追加
6046,0,1,173,190,追いシャリ〜とろろ＆きゅうり〜,0,0,0,0,0,0,0,,20250807追加
6047,0,1,191,210,1貫)大切りふくいサーモン,0,0,0,0,0,0,0,,20250807追加
6048,0,1,100,110,1貫)北海道産スルメイカゲソ天にぎり,0,0,0,0,0,0,0,,20250410追加
6049,0,1,191,210,ベジ餃子,0,0,0,0,0,0,0,,20250313追加
6050,0,1,1564,1720,極み贅沢秋の七貫,0,0,0,0,0,0,0,,20250904追加
6051,0,1,137,150,醤油キャラメルアイス,0,0,0,0,0,0,0,,20241024追加
6052,0,1,282,310,まぐろぶつチャンジャ和え,0,0,0,0,0,0,0,,20250515追加
6053,0,1,100,110,1貫)まぐろぶつ大葉包み,0,0,0,0,0,0,0,,20240912追加
6054,0,1,1219,1340,□極み贅沢秋の五貫,0,0,0,0,0,0,0,,20250925追加
6055,0,1,1746,1920,□極み贅沢秋の七貫,0,0,0,0,0,0,0,,20250925追加
6056,0,1,100,110,1貫)宮城県産かつおたたき塩炙り,0,0,0,0,0,0,0,,20250123追加
6057,0,1,128,140,1貫)甲いかいくらのせ,0,0,0,0,0,0,0,,20250327追加
6058,0,1,110,120,柚子塩サーモン,0,0,0,0,0,0,0,,20241205追加
6059,0,1,446,490,まぐろ出汁の醤油ラーメン太麺,0,0,0,0,0,0,0,,20250529追加
6060,0,1,100,110,まぐろ,0,0,0,0,0,0,0,,20241024追加
6061,0,1,228,250,1貫)大切りふくいサーモン塩炙り,0,0,0,0,0,0,0,,20250807追加
6062,0,1,628,690,かっぱの特盛軍艦三昧,0,0,0,0,0,0,0,,20250904追加
6063,0,1,100,110,1貫)まぐろぶつたく大葉包み,0,0,0,0,0,0,0,,20240912追加
6064,0,1,100,110,まいたけ天にぎり,0,0,0,0,0,0,0,,20250904追加
6065,0,1,446,490,まぐろ出汁の醤油ラーメン細麺,0,0,0,0,0,0,0,,20250529追加
6066,0,1,100,110,1貫)白子天包み,0,0,0,0,0,0,0,,20241107追加
6067,0,1,373,410,おこさま寿司&ﾒﾛﾝｿｰﾀﾞM,0,0,0,0,0,0,0,,20241024追加
6068,0,1,373,410,おこさま寿司&ｺｰﾗM,0,0,0,0,0,0,0,,20241024追加
6069,0,1,373,410,おこさま寿司&ｶﾙﾋﾟｽM,0,0,0,0,0,0,0,,20241024追加
6070,0,1,373,410,おこさま寿司&ｼﾞﾝｼﾞｬｰｴｰﾙM,0,0,0,0,0,0,0,,20241024追加
6071,0,1,328,360,ふくいサーモン&いくら軍艦,0,0,0,0,0,0,0,,20250807追加
6072,0,1,237,260,1貫)ふくいサーモンの特製押し寿司,0,0,0,0,0,0,0,,20250807追加
6073,0,1,300,330,まいたけ餡かけ茶碗蒸し,0,0,0,0,0,0,0,,20250904追加
6074,0,1,391,430,大切り炙り真鯛の塩ラーメン,0,0,0,0,0,0,0,,20250904追加
6075,0,1,391,430,▼▼▼山盛り青森県産ボイルほたての創作寿司,0,0,0,0,0,0,0,,20250123追加
6076,0,1,273,300,▼▼青森県産ボイルほたて軍艦,0,0,0,0,0,0,0,,20250123追加
6077,0,1,555,610,先ずコレ定番にぎり７貫,0,0,0,0,0,0,0,,20250904追加
6078,0,1,173,190,1貫)活〆はまちはらみ ごまみそだれ,0,0,0,0,0,0,0,,20250904追加
6079,0,1,273,300,1貫)ふくいサーモンの特製押し寿司マヨ塩炙り,0,0,0,0,0,0,0,,20250807追加
6080,0,1,119,130,なすの揚げひたし ごまみそだれ,0,0,0,0,0,0,0,,20250904追加
6081,0,1,200,220,▼1貫)活〆真鯛 柚子胡椒仕立て,0,0,0,0,0,0,0,,20250904追加
6082,0,1,119,130,1貫)炭焼きかつおたたき 柚子胡椒仕立て,0,0,0,0,0,0,0,,20250904追加
6083,0,1,210,230,1貫)大切り鮪上赤身漬け炙り,0,0,0,0,0,0,0,,20250515追加
6084,0,1,137,150,炙り〆にしん,0,0,0,0,0,0,0,,20250904追加
6085,0,1,137,150,炙り〆にしん（大葉）,0,0,0,0,0,0,0,,20250904追加
6086,0,1,173,190,1貫)うなぎ,0,0,0,0,0,0,0,,20250904追加
6087,0,1,328,360,ミニアサイーボウル（はちみつ抜き）,0,0,0,0,0,0,0,,20250327追加
6088,0,1,210,230,▼▼1貫)炙りうなぎ,0,0,0,0,0,0,0,,20250904追加
6089,0,1,510,560,アサイー&ピンクグァバ,0,0,0,0,0,0,0,,20250327追加
6090,0,1,555,610,アサイー&ピンクグァバストロー付き,0,0,0,0,0,0,0,,20250327追加
6091,0,1,100,110,びんちょうまぐろ,0,0,0,0,0,0,0,,20210113追加
6092,0,1,146,160,1貫)本ずわい天にぎり,0,0,0,0,0,0,0,,20250612追加
6093,0,1,391,430,野菜かき揚げうどん,0,0,0,0,0,0,0,,20250807追加
6094,0,1,210,230,1貫)ふくいサーモン天にぎり ポン酢ジュレのせ,0,0,0,0,0,0,0,,20250807追加
6095,0,1,137,150,ねぎとろザク旨ラー油にぎり,0,0,0,0,0,0,0,,20241024追加
6096,0,1,100,110,1貫)ねぎとろたくあん大葉包み,0,0,0,0,0,0,0,,20240912追加
6097,0,1,100,110,感動コーン軍艦,0,0,0,0,0,0,0,,20250515追加
6098,0,1,100,110,かにカマサラダ軍艦,0,0,0,0,0,0,0,,20250515追加
6099,0,1,119,130,キス天にぎり,0,0,0,0,0,0,0,,20250529追加
6100,0,1,137,150,サラダザク旨ラー油にぎり,0,0,0,0,0,0,0,,20241024追加
6101,0,1,50,55,1貫)感動コーン軍艦,0,0,0,0,0,0,0,,20250515追加
6102,0,1,391,430,春色ミニアサイーボウル〜ピンクグァバ〜,0,0,0,0,0,0,0,,20250327追加
6103,0,1,237,260,クッキークランチ&バニラ　,0,0,0,0,0,0,0,,20250327追加
6104,0,1,50,55,1貫)かにカマサラダ軍艦,0,0,0,0,0,0,0,,20250515追加
6105,0,1,100,110,1貫)塩こうじ仕立ての真さば竜田揚げにぎり,0,0,0,0,0,0,0,,20250904追加
6106,0,1,191,210,ちょこっと北海道産スルメイカゲソ天（2個）,0,0,0,0,0,0,0,,20250410追加
6107,0,1,100,110,ごま大葉いなり,0,0,0,0,0,0,0,,20220914追加
6108,0,1,128,140,1貫)刻みえんがわ炙り包み,0,0,0,0,0,0,0,,20241121追加
6109,0,1,146,160,1貫)サーモンマリネの海苔包み,0,0,0,0,0,0,0,,20250807追加
6110,0,1,100,110,1貫)塩こうじ仕立ての真さば竜田揚げマヨにぎり,0,0,0,0,0,0,0,,20250904追加
6111,0,1,355,390,▼▼▼えんがわ二枚重ね,0,0,0,0,0,0,0,,20241024追加
6112,0,1,100,110,1貫)本鮪中とろ,0,0,0,0,0,0,0,,20250807追加
6113,0,1,191,210,▼アボカドえび,0,0,0,0,0,0,0,,20250227追加
6114,0,1,191,210,韓国風チャンジャ中巻,0,0,0,0,0,0,0,,20250313追加
6115,0,1,173,190,▼大切りまぐろ,0,0,0,0,0,0,0,,20250227追加
6116,0,1,300,330,塩こうじ仕立ての真さば竜田揚げ,0,0,0,0,0,0,0,,20250904追加
6117,0,1,300,330,合鴨ロースと柚子の茶碗蒸し,0,0,0,0,0,0,0,,20250904追加
6118,0,1,191,210,▼大切りまぐろ食べ比べ,0,0,0,0,0,0,0,,20250227追加
6119,0,1,100,110,1貫)豚タン塩ダレ,0,0,0,0,0,0,0,,20250904追加
6120,0,1,191,210,▼1貫)赤えび,0,0,0,0,0,0,0,,20250227追加
6121,0,1,100,110,1貫)豚タン塩ダレ大葉,0,0,0,0,0,0,0,,20250904追加
6122,0,1,191,210,▼アボカドサーモン,0,0,0,0,0,0,0,,20250227追加
6123,0,1,100,110,1貫)いわし天にぎり,0,0,0,0,0,0,0,,20250410追加
6124,0,1,228,250,▼塩炙りとろサーモン,0,0,0,0,0,0,0,,20250529追加
6125,0,1,173,190,▼大切りサーモン,0,0,0,0,0,0,0,,20250227追加
6126,0,1,137,150,1貫)本鮪中とろ塩炙りﾚﾓﾝ,0,0,0,0,0,0,0,,20250807追加
6127,0,1,391,430,鯛スープの塩ラーメン,0,0,0,0,0,0,0,,20250529追加
6128,0,1,210,230,▼甲いか,0,0,0,0,0,0,0,,20250327追加
6129,0,1,391,430,コク旨醤油ラーメン,0,0,0,0,0,0,0,,20250529追加
6130,0,1,373,410,本鮪中とろぶつ軍艦,0,0,0,0,0,0,0,,20250807追加
6131,0,1,100,110,オクラいかめかぶ軍艦,0,0,0,0,0,0,0,,20250515追加
6132,0,1,391,430,まかない海鮮サラダ,0,0,0,0,0,0,0,,20241024追加
6133,0,1,100,110,1貫)あじ竜田マヨにぎり,0,0,0,0,0,0,0,,20250612追加
6134,0,1,210,230,あじ竜田,0,0,0,0,0,0,0,,20250612追加
6135,0,1,50,55,1貫)オクラいかめかぶ軍艦,0,0,0,0,0,0,0,,20250515追加
6136,0,1,173,190,▼1貫)はまちはらみ,0,0,0,0,0,0,0,,20250529追加
6137,0,1,137,150,1貫)豚タン塩ダレ炙り,0,0,0,0,0,0,0,,20250904追加
6138,0,1,100,110,オクラいかめかぶ納豆軍艦,0,0,0,0,0,0,0,,20250515追加
6139,0,1,191,210,活〆はまち,0,0,0,0,0,0,0,,20250612追加
6140,0,1,191,210,▼大切りサーモン食べ比べ,0,0,0,0,0,0,0,,20250227追加
6141,0,1,119,130,★おはぎ,0,0,0,0,0,0,0,,20250807追加
6142,0,1,119,130,★おはぎ〜きな粉がけ〜,0,0,0,0,0,0,0,,20250807追加
6143,0,1,100,110,1貫)大切りとろびんちょう,0,0,0,0,0,0,0,,20250925追加
6144,0,1,237,260,ふわもちあずき団子,0,0,0,0,0,0,0,,20250612追加
6145,0,1,150,165,はまちサーモン二種盛り,0,0,0,0,0,0,0,,20250529追加
6146,0,1,100,110,1貫）釜揚げしらす大葉包み,0,0,0,0,0,0,0,,20240912追加
6147,0,1,100,110,ちょこっとまいたけ天盛り,0,0,0,0,0,0,0,,20250904追加
6148,0,1,137,150,1貫)塩炙り中とろ,0,0,0,0,0,0,0,,20250904追加
6149,0,1,50,55,1貫)オクラいかめかぶ納豆軍艦,0,0,0,0,0,0,0,,20250515追加
6150,0,1,100,110,きゅうりｽﾗｲｽ＆かにｶﾏ小鉢,0,0,0,0,0,0,0,,20250904追加
6151,0,1,150,165,はまち・いか二種盛り,0,0,0,0,0,0,0,,20250529追加
6152,0,1,119,130,ﾔﾘｲｶ塩ﾚﾓﾝ&いかゲソ合盛り,0,0,0,0,0,0,0,,20250424追加
6153,0,1,150,165,はまち・えび二種盛り,0,0,0,0,0,0,0,,20250529追加
6154,0,1,100,110,1貫)塩炙りのどぐろ,0,0,0,0,0,0,0,,20250904追加
6155,0,1,100,110,感動コーンかっぱ軍艦,0,0,0,0,0,0,0,,20250515追加
6156,0,1,146,160,1貫)本鮪中とろぶつたく包み,0,0,0,0,0,0,0,,20250807追加
6157,0,1,100,110,かにカマサラダ〜かっぱ軍艦〜,0,0,0,0,0,0,0,,20250515追加
6158,0,1,600,660,コク旨醤油ラーメン〜追い麺つき〜,0,0,0,0,0,0,0,,20250529追加
6159,0,1,196,215,はまち・えんがわ二種盛り,0,0,0,0,0,0,0,,20250529追加
6160,0,1,600,660,鯛スープの塩ラーメン〜追い麺つき〜,0,0,0,0,0,0,0,,20250529追加
6161,0,1,328,360,ミニアサイーボウル（はちみつかけ）,0,0,0,0,0,0,0,,20250327追加
6162,0,1,283,311,おこさまパンケーキ（2枚）,0,0,0,0,0,0,0,,20250807追加
6163,0,1,172,189,おこさまうどん,0,0,0,0,0,0,0,,20250807追加
6164,0,1,283,311,ごちそうハンバーグカレー,0,0,0,0,0,0,0,,20250807追加
6165,0,1,537,590,大海老と秋野菜のごち天うどん,0,0,0,0,0,0,0,,20250904追加
6166,0,1,355,390,▼▼▼1貫)炙り上煮穴子,0,0,0,0,0,0,0,,20241024追加
6167,0,1,210,230,生たこきゅう胡麻油,0,0,0,0,0,0,0,,20250529追加
6169,0,1,446,490,まいたけと牛肉の国産米粉入りフォー,0,0,0,0,0,0,0,,20250904追加
6170,0,1,237,260,本鮪中とろぶつ&ねぎとろ軍艦,0,0,0,0,0,0,0,,20250807追加
6171,0,1,0,0,おろし生姜（カップ）,0,0,0,0,0,0,0,,20250904追加
6172,0,1,28,30,みそだれ（小袋）,0,0,0,0,0,0,0,,20250904追加
6173,0,1,246,270,つぶ貝きゅう胡麻油,0,0,0,0,0,0,0,,20250529追加
6174,0,1,155,170,えび天にぎりチリソース,0,0,0,0,0,0,0,,20250529追加
6175,0,1,228,250,1貫)ほたてチリソース天かす,0,0,0,0,0,0,0,,20250529追加
6176,0,1,191,210,スギヨ　加賀揚小鉢,0,0,0,0,0,0,0,,20250612追加
6177,0,1,237,260,本鮪中とろぶつ&まぐろぶつ軍艦,0,0,0,0,0,0,0,,20250807追加
6178,0,1,137,150,あかいかゲソチリソース天かす,0,0,0,0,0,0,0,,20250529追加
6179,0,1,137,150,サーモントマト塩ジュレ,0,0,0,0,0,0,0,,20250529追加
6180,0,1,137,150,えびトマト塩ジュレ,0,0,0,0,0,0,0,,20250529追加
6181,0,1,119,130,なすの揚げびたし,0,0,0,0,0,0,0,,20250904追加
6182,0,1,264,290,蟹いくら軍艦,0,0,0,0,0,0,0,,20250807追加
6183,0,1,100,110,シャリドーナツきな粉2個,0,0,0,0,0,0,0,,20250925追加
6184,0,1,119,130,なすの揚げびたしトロロ,0,0,0,0,0,0,0,,20250904追加
6185,0,1,328,360,生ハムサラダ,0,0,0,0,0,0,0,,20250529追加
6186,0,1,191,210,さんが大葉天にぎり,0,0,0,0,0,0,0,,20250904追加
6187,0,1,100,110,シャリドーナツシナモン2個,0,0,0,0,0,0,0,,20250925追加
6188,0,1,173,190,1貫)蟹ほぐし身包み かにみそのせ,0,0,0,0,0,0,0,,20250807追加
6189,0,1,173,190,1貫)のどぐろ塩炙り,0,0,0,0,0,0,0,,20250807追加
6190,0,1,228,250,▼1貫)赤えび塩炙り,0,0,0,0,0,0,0,,20250529追加
6191,0,1,100,110,天然やりいか,0,0,0,0,0,0,0,,20241205追加
6192,0,1,100,110,かにカマサラダ軍艦,0,0,0,0,0,0,0,,20220531変更分
6193,0,1,50,55,1貫)かにカマサラダﾞ軍艦,0,0,0,0,0,0,0,,20220531変更分
6194,0,1,900,990,★白米大えび天丼・ｱｵｻ,0,0,0,0,0,0,0,,20250904追加
6195,0,1,100,110,生ハム,0,0,0,0,0,0,0,,20250529追加
6196,0,1,191,210,▼天然生えび,0,0,0,0,0,0,0,,20250227追加
6197,0,1,446,490,３種の白身魚食べ比べ,0,0,0,0,0,0,0,,20250807追加
6198,0,1,246,270,ちょこっと唐揚げﾄﾏﾄｼﾞｭﾚ,0,0,0,0,0,0,0,,20250529追加
6199,0,1,419,460,天ぷら盛合わせ(天つゆ付),0,0,0,0,0,0,0,,20250529追加
6200,0,1,191,210,なす天ぷら盛り,0,0,0,0,0,0,0,,20250529追加
6201,0,1,137,150,1貫)大切りとろびんちょう浜焼き風,0,0,0,0,0,0,0,,20250925追加
6202,0,1,246,270,ちょこっと唐揚げﾁﾘｿｰｽ,0,0,0,0,0,0,0,,20250529追加
6203,0,1,137,150,生ハムオニオンマヨ,0,0,0,0,0,0,0,,20250529追加
6204,0,1,264,290,蜜おさつとバニラアイス,0,0,0,0,0,0,0,,20250904追加
6205,0,1,328,360,海老と煮穴子の冷やし茶碗蒸し,0,0,0,0,0,0,0,,20250529追加
6206,0,1,573,630,刺身盛り合わせ（５種）,0,0,0,0,0,0,0,,20250529追加
6207,0,1,537,590,大海老と野菜のうどん,0,0,0,0,0,0,0,,20250529追加
6208,0,1,100,110,1貫)活〆真鯛,0,0,0,0,0,0,0,,20250529追加
6209,0,1,146,160,1貫)大切り活〆真鯛,0,0,0,0,0,0,0,,20250529追加
6210,0,1,300,330,蜜おさつと醤油キャラメルアイス,0,0,0,0,0,0,0,,20250904追加
6211,0,1,537,590,フライドポテト＆フライドチキン,0,0,0,0,0,0,0,,20250807追加
6212,0,1,591,650,ポテトのりしお＆フライドチキン,0,0,0,0,0,0,0,,20250807追加
6213,0,1,228,250,おこさま寿司&ﾒﾛﾝｿｰﾀﾞM,0,0,0,0,0,0,0,,20250807追加
6214,0,1,146,160,醤油キャラメルアイス,0,0,0,0,0,0,0,,20250904追加
6215,0,1,119,130,やりいかゲソ,0,0,0,0,0,0,0,,20250424追加
6216,0,1,100,110,1貫)炭焼きかつおたたき,0,0,0,0,0,0,0,,20250529追加
6217,0,1,273,300,▼▼ﾎﾟﾝ酢ｼﾞｭﾚ蒸しホタテ,0,0,0,0,0,0,0,,20241024追加
6218,0,1,100,110,1貫)炭焼きかつおたたき香味野菜,0,0,0,0,0,0,0,,20250529追加
6219,0,1,182,200,1貫)活〆真鯛塩炙り,0,0,0,0,0,0,0,,20250529追加
6220,0,1,328,360,▼▼3種の貝食べ比べ,0,0,0,0,0,0,0,,20250904追加
6221,0,1,591,650,ポテトコンソメ＆フライドチキン,0,0,0,0,0,0,0,,20250807追加
6222,0,1,537,590,□かっぱの極みまぐろ尽くし,0,0,0,0,0,0,0,,20250807追加
6223,0,1,228,250,おこさま寿司&ｺｰﾗM,0,0,0,0,0,0,0,,20250807追加
6224,0,1,100,110,1貫)活〆はまち,0,0,0,0,0,0,0,,20250529追加
6225,0,1,283,311,ごちそうハンバーグカレー,0,0,0,0,0,0,0,,20250807追加
6226,0,1,100,110,1貫）北海道産さんま,0,0,0,0,0,0,0,,20250807追加
6227,0,1,119,130,1貫)甘ﾀﾞﾚ胡麻 石垣貝,0,0,0,0,0,0,0,,20250904追加
6228,0,1,900,990,★白米まぐろづくし丼&ｱｵｻ,0,0,0,0,0,0,0,,20250904追加
6229,0,1,282,310,▼▼うなぎ,0,0,0,0,0,0,0,,20250227追加
6230,0,1,282,310,▼▼炙りうなぎ,0,0,0,0,0,0,0,,20250227追加
6231,0,1,237,260,▼▼さんま食べ比べ（生・塩炙り）,0,0,0,0,0,0,0,,20250807追加
6232,0,1,264,290,▼▼3種の浜焼き風寿司食べ比べ,0,0,0,0,0,0,0,,20250807追加
6233,0,1,200,220,▼▼蒸しホタテ,0,0,0,0,0,0,0,,20241121追加
6234,0,1,228,250,▼▼蒸しホタテ浜焼き風,0,0,0,0,0,0,0,,20241121追加
6235,0,1,328,360,▼▼▼倍盛りいくら＆サーモンぶつ包み,0,0,0,0,0,0,0,,20250807追加
6236,0,1,173,190,1貫)フグ塩炙り ポン酢ジュレのせ,0,0,0,0,0,0,0,,20250807追加
6237,0,1,282,310,▼▼1貫)中とろ,0,0,0,0,0,0,0,,20250227追加
6238,0,1,228,250,おこさま寿司&ｶﾙﾋﾟｽM,0,0,0,0,0,0,0,,20250807追加
6239,0,1,191,210,▼とろサーモン,0,0,0,0,0,0,0,,20250227追加
6240,0,1,137,150,1貫)活〆はまち焦がし醤油炙り,0,0,0,0,0,0,0,,20250529追加
6241,0,1,191,210,▼あじ,0,0,0,0,0,0,0,,20250227追加
6242,0,1,282,310,▼▼1貫)塩炙り中とろ,0,0,0,0,0,0,0,,20250227追加
6243,0,1,210,230,▼つぶ貝,0,0,0,0,0,0,0,,20250227追加
6244,0,1,900,990,★白米海鮮9種丼&あおさ,0,0,0,0,0,0,0,,20250904追加
6245,0,1,537,590,北海道産炙りほたて入り海鮮味噌ラーメン,0,0,0,0,0,0,0,,20250807追加
6246,0,1,446,490,担々肉味噌ラーメン,0,0,0,0,0,0,0,,20250807追加
6247,0,1,173,190,おつまみメンマ〜ザク旨ラー油添え〜,0,0,0,0,0,0,0,,20250529追加
6248,0,1,900,990,★贅沢大海老天丼・あおさの汁物,0,0,0,0,0,0,0,,20250904追加
6249,0,1,1882,2070,★贅沢うにいくら丼・あおさの汁物,0,0,0,0,0,0,0,,20250227追加
6250,0,1,1982,2180,★極み贅沢にぎり七貫・茶碗蒸し・あおさの汁物,0,0,0,0,0,0,0,,20250612追加
6251,0,1,155,170,はちみつバニラアイス　グラノーラがけ,0,0,0,0,0,0,0,,20241024追加
6252,0,1,100,110,1貫)特盛サーモンぶつ〜かっぱ軍艦〜,0,0,0,0,0,0,0,,20240912追加
6253,0,1,100,110,1貫)特盛サーモンぶつ（マヨ）〜かっぱ軍艦〜,0,0,0,0,0,0,0,,20240912追加
6254,0,1,873,960,4種のまぐろ丼,0,0,0,0,0,0,0,,20250227追加
6255,0,1,100,110,かにカマサラダ〜かっぱ軍艦〜,0,0,0,0,0,0,0,,20240912追加
6256,0,1,228,250,▼あじ塩炙り,0,0,0,0,0,0,0,,20250529追加
6257,0,1,873,960,10種の海鮮丼,0,0,0,0,0,0,0,,20250227追加
6258,0,1,264,290,ﾁｬｰｼｭｰ&ﾒﾝﾏラー油,0,0,0,0,0,0,0,,20250529追加
6259,0,1,782,860,贅沢大海老天丼,0,0,0,0,0,0,0,,20250904追加
6260,0,1,1764,1940,贅沢うにいくら丼,0,0,0,0,0,0,0,,20250227追加
6261,0,1,391,430,チョコレートムースストロベリーソース,0,0,0,0,0,0,0,,20250904追加
6262,0,1,100,110,ねぎとろにぎり,0,0,0,0,0,0,0,,20240912追加
6263,0,1,264,290,担々肉味噌茶碗蒸し,0,0,0,0,0,0,0,,20250807追加
6264,0,1,100,110,大葉サーモンぶつ軍艦,0,0,0,0,0,0,0,,20231130追加
6265,0,1,100,110,マヨサーモンぶつ軍艦,0,0,0,0,0,0,0,,20240620追加
6266,0,1,119,130,1貫)うに包み,0,0,0,0,0,0,0,,20250529追加
6267,0,1,100,110,1貫)いくら包み,0,0,0,0,0,0,0,,20250529追加
6268,0,1,50,55,1貫)生ハム,0,0,0,0,0,0,0,,20250529追加
6269,0,1,355,390,▼▼▼1貫）みなみ鮪大とろ,0,0,0,0,0,0,0,,20241226追加
6270,0,1,355,390,▼▼▼1貫）みなみ鮪大とろ塩炙り,0,0,0,0,0,0,0,,20241226追加
6271,0,1,100,110,サラダ＆感動コーン,0,0,0,0,0,0,0,,20240912追加
6272,0,1,210,230,▼赤貝,0,0,0,0,0,0,0,,20250327追加
6273,0,1,355,390,▼▼▼特盛中とろぶつ軍艦,0,0,0,0,0,0,0,,20241024追加
6274,0,1,1882,2070,★白米贅沢ｳﾆｲｸﾗ丼・ｱｵｻ,0,0,0,0,0,0,0,,20250904追加
6275,0,1,355,390,ルマンドプレミアムプリン,0,0,0,0,0,0,0,,20250904追加
6276,0,1,700,770,□かっぱの北海道三昧,0,0,0,0,0,0,0,,20250807追加
6277,0,1,100,110,ミニゼリー（4個）,0,0,0,0,0,0,0,,20231130追加
6278,0,1,105,115,1貫)生たこきゅう胡麻油,0,0,0,0,0,0,0,,20250529追加
6279,0,1,491,540,赤肉メロン&プレミアムプリンパフェ,0,0,0,0,0,0,0,,20250807追加
6280,0,1,191,210,バニラアイス 赤肉メロンジュレがけ,0,0,0,0,0,0,0,,20250807追加
6281,0,1,210,230,▼牛カルビ炙り,0,0,0,0,0,0,0,,20250227追加
6282,0,1,191,210,▼えんがわ,0,0,0,0,0,0,0,,20250227追加
6283,0,1,123,135,1貫)つぶ貝きゅう胡麻油,0,0,0,0,0,0,0,,20250529追加
6284,0,1,300,330,極太ポテト〜ケチャップ添え〜,0,0,0,0,0,0,0,,20250807追加
6285,0,1,210,230,肉厚とろ〆さばの押し寿司,0,0,0,0,0,0,0,,20250327追加
6286,0,1,78,85,1貫)えび天にぎりチリソース,0,0,0,0,0,0,0,,20250529追加
6287,0,1,300,330,揚げたこ焼き〜マヨ〜　3個,0,0,0,0,0,0,0,,20250327追加
6288,0,1,300,330,揚げたこ焼き〜まぐろ節添え〜　3個,0,0,0,0,0,0,0,,20250327追加
6289,0,1,69,75,1貫)あかいかゲソチリソース天かす,0,0,0,0,0,0,0,,20250529追加
6290,0,1,446,490,ルマンドプレミアムプリンパフェ,0,0,0,0,0,0,0,,20250904追加
6291,0,1,137,150,浜焼き風　とうもろこし,0,0,0,0,0,0,0,,20241024追加
6292,0,1,60,65,1貫)なすの揚げびたし,0,0,0,0,0,0,0,,20250904追加
6293,0,1,300,330,極太ポテト〜ペッパーマヨ添え〜,0,0,0,0,0,0,0,,20250807追加
6294,0,1,300,330,▼▼▼1貫)九州黒毛和牛にぎりポン酢ジュレのせ,0,0,0,0,0,0,0,,20250515追加
6295,0,1,100,110,サラダねぎとろ軍艦,0,0,0,0,0,0,0,,20240307追加
6296,0,1,300,330,極太ポテト〜ザク旨ラー油添え〜,0,0,0,0,0,0,0,,20250807追加
6297,0,1,328,360,極太ポテト〜たらこマヨがけ〜,0,0,0,0,0,0,0,,20250807追加
6298,0,1,141,155,1貫)うなぎ,0,0,0,0,0,0,0,,20250227追加
6299,0,1,141,155,1貫)炙りうなぎ,0,0,0,0,0,0,0,,20250227追加
6300,0,1,182,200,ドクターペッパー,0,0,0,0,0,0,0,,20250807追加
6301,0,1,60,65,1貫)なすの揚げびたしトロロ,0,0,0,0,0,0,0,,20250904追加
6302,0,1,173,190,活〆寒ぶり,0,0,0,0,0,0,0,,20250227追加
6303,0,1,191,210,▼1貫)寒ぶりはらみ,0,0,0,0,0,0,0,,20250227追加
6304,0,1,55,60,1貫)大葉サーモンぶつ軍艦,0,0,0,0,0,0,0,,20241024追加
6305,0,1,100,110,サラダ納豆軍艦,0,0,0,0,0,0,0,,20240307追加
6306,0,1,69,75,1貫)生ハムオニオンマヨ,0,0,0,0,0,0,0,,20250529追加
6307,0,1,69,75,1貫)サーモントマト塩ジュレ,0,0,0,0,0,0,0,,20250529追加
6308,0,1,69,75,1貫)えびトマト塩ジュレ,0,0,0,0,0,0,0,,20250529追加
6309,0,1,273,300,Dﾍﾟｯﾊﾟｰ＆ちょこっとポテト,0,0,0,0,0,0,0,,20250807追加
6310,0,1,355,390,▼▼▼特盛いくら軍艦,0,0,0,0,0,0,0,,20241024追加
6311,0,1,237,260,1貫)いくら＆ｻｰﾓﾝとろぶつ包み,0,0,0,0,0,0,0,,20250529追加
6312,0,1,119,130,さくさくいか天(マヨ),0,0,0,0,0,0,0,,20250123追加
6313,0,1,364,400,フライドチキン（2本）,0,0,0,0,0,0,0,,20241205追加
6314,0,1,210,230,▼いくら,0,0,0,0,0,0,0,,20250327追加
6315,0,1,100,110,1貫)甘海老大葉包み,0,0,0,0,0,0,0,,20250904追加
6317,0,1,100,110,まぐろ・サーモン二種,0,0,0,0,0,0,0,,20241107追加
6318,0,1,191,210,▼とびこ軍艦,0,0,0,0,0,0,0,,20250227追加
6319,0,1,191,210,▼ねぎとろ巻,0,0,0,0,0,0,0,,20250227追加
6320,0,1,100,110,合鴨ロース,0,0,0,0,0,0,0,,20250904追加
6321,0,1,191,210,▼鉄火巻,0,0,0,0,0,0,0,,20250227追加
6322,0,1,328,360,フライドチキン（もも1個）,0,0,0,0,0,0,0,,20250925追加
6323,0,1,119,130,1貫)とろっとサーモンハラス,0,0,0,0,0,0,0,,20250612追加
6324,0,1,100,110,1貫)甘海老包み,0,0,0,0,0,0,0,,20250904追加
6325,0,1,110,120,合鴨ロース ポン酢ジュレのせ,0,0,0,0,0,0,0,,20250123追加
6326,0,1,337,370,3種のサーモン食べ比べ,0,0,0,0,0,0,0,,20250612追加
6327,0,1,100,110,1貫)とり天にぎり,0,0,0,0,0,0,0,,20250612追加
6328,0,1,146,160,玉ねぎと油揚げの味噌汁,0,0,0,0,0,0,0,,20250904追加
6329,0,1,228,250,おこさま寿司&ｼﾞﾝｼﾞｬｰｴｰﾙM,0,0,0,0,0,0,0,,20250807追加
6330,0,1,100,110,1貫)とり天にぎりマヨ,0,0,0,0,0,0,0,,20250612追加
6331,0,1,200,220,▼1貫)茹でずわい蟹,0,0,0,0,0,0,0,,20241205追加
6332,0,1,146,160,玉ねぎと油揚げの赤だし,0,0,0,0,0,0,0,,20250904追加
6333,0,1,446,490,サラダチキンとレモンのフォー,0,0,0,0,0,0,0,,20250612追加
6334,0,1,391,430,ｻﾗﾀﾞﾁｷﾝと5種野菜のｻﾗﾀﾞ,0,0,0,0,0,0,0,,20250612追加
6335,0,1,100,110,甘ガリ天盛り,0,0,0,0,0,0,0,,20250529追加
6336,0,1,100,110,サラダにぎり,0,0,0,0,0,0,0,,20240912追加
6337,0,1,737,810,先ずコレ定番にぎり７貫,0,0,0,0,0,0,0,,20250925追加
6338,0,1,119,130,1貫)チャンジャ風大葉包み,0,0,0,0,0,0,0,,20250313追加
6339,0,1,137,150,合鴨オニオンマヨ,0,0,0,0,0,0,0,,20250904追加
6340,0,1,228,250,焦がし醤油炙り活〆はまち,0,0,0,0,0,0,0,,20250612追加
6341,0,1,164,180,▼1貫)国産フグ（マフグ）,0,0,0,0,0,0,0,,20241205追加
6342,0,1,100,110,フローズンぶどう,0,0,0,0,0,0,0,,20240912追加
6343,0,1,446,490,かき氷 いちご,0,0,0,0,0,0,0,,20250529追加
6344,0,1,419,460,特盛とり唐揚げマヨ,0,0,0,0,0,0,0,,20241205追加
6345,0,1,283,311,おこさまにぎり寿司セット,0,0,0,0,0,0,0,,20250807追加
6346,0,1,191,210,▼1貫)国産フグ　いくらのせ,0,0,0,0,0,0,0,,20250123追加
6347,0,1,446,490,かき氷 宇治金時,0,0,0,0,0,0,0,,20250529追加
6348,0,1,191,210,▼▼甘海老にぎり,0,0,0,0,0,0,0,,20250904追加
6349,0,1,446,490,かき氷 ブルーハワイ,0,0,0,0,0,0,0,,20250529追加
6350,0,1,100,110,納豆かっぱ軍艦,0,0,0,0,0,0,0,,20250904追加
6351,0,1,119,130,あさり（生姜）,0,0,0,0,0,0,0,,20250123追加
6352,0,1,100,110,ねぎとろ納豆軍艦,0,0,0,0,0,0,0,,20220914追加
6353,0,1,146,160,マヨ甘海老軍艦,0,0,0,0,0,0,0,,20250227追加
6354,0,1,300,330,とり唐揚げ,0,0,0,0,0,0,0,,20250227追加
6355,0,1,155,170,あさり ザク旨ラー油にぎり,0,0,0,0,0,0,0,,20250123追加
6356,0,1,300,330,あんきもの茶碗蒸し,0,0,0,0,0,0,0,,20241205追加
6357,0,1,191,210,ｻﾞｸ旨ラー油海鮮たたき軍艦,0,0,0,0,0,0,0,,20250327追加
6358,0,1,191,210,マヨｻﾞｸ旨ラー油海鮮たたき,0,0,0,0,0,0,0,,20250327追加
6359,0,1,146,160,干ぴょう巻,0,0,0,0,0,0,0,,20250123追加
6360,0,1,283,311,おこさまカレーセット,0,0,0,0,0,0,0,,20250807追加
6361,0,1,446,490,季節の天ぷら盛り合わせ,0,0,0,0,0,0,0,,20250904追加
6362,0,1,628,690,かっぱの「ごち天」盛り合わせ,0,0,0,0,0,0,0,,20250529追加
6363,0,1,300,330,ぷるもち水餃子〜ザク旨ラー油添え〜,0,0,0,0,0,0,0,,20241205追加
6364,0,1,100,110,オクラいかめかぶ納豆かっぱ軍艦,0,0,0,0,0,0,0,,20250904追加
6365,0,1,146,160,ちょこっとかき氷いちご,0,0,0,0,0,0,0,,20250529追加
6366,0,1,210,230,星とハートのチキンナゲット,0,0,0,0,0,0,0,,20250227追加
6367,0,1,191,210,▼▼ごちそう和風ハンバーグにぎり,0,0,0,0,0,0,0,,20250904追加
6368,0,1,719,790,□贅沢人気ネタ三昧,0,0,0,0,0,0,0,,20250904追加
6369,0,1,237,260,▼▼1貫)天然車海老,0,0,0,0,0,0,0,,20250904追加
6370,0,1,137,150,えび天にぎりﾀﾙﾀﾙ,0,0,0,0,0,0,0,,20250123追加
6371,0,1,1982,2180,★極み贅沢にぎり七貫・茶碗蒸し・あおさの汁物,0,0,0,0,0,0,0,,20250904追加
6372,0,1,691,760,シャリハーフにぎり厳選8貫,0,0,0,0,0,0,0,,20250904追加
6373,0,1,719,790,□贅沢うに三昧（うに増量）,0,0,0,0,0,0,0,,20250529追加
6374,0,1,100,110,枝豆,0,0,0,0,0,0,0,,20250904追加
6375,0,1,173,190,大玉揚げたこ焼き 2個,0,0,0,0,0,0,0,,20250904追加
6376,0,1,146,160,ちょこっとかき氷ブルーハワイ,0,0,0,0,0,0,0,,20250529追加
6377,0,1,146,160,宇治抹茶ソースバニラ,0,0,0,0,0,0,0,,20250529追加
6378,0,1,100,110,トッピング　バターコーン,0,0,0,0,0,0,0,,20241205追加
6379,0,1,100,110,京わらび餅,0,0,0,0,0,0,0,,20250529追加
6380,0,1,719,790,□贅沢うに三昧,0,0,0,0,0,0,0,,20250807追加
6381,0,1,50,55,1貫)ねぎとろ納豆軍艦,0,0,0,0,0,0,0,,20220914追加
6382,0,1,73,80,1貫)マヨ甘海老軍艦,0,0,0,0,0,0,0,,20250227追加
6383,0,1,282,310,貝の味噌汁,0,0,0,0,0,0,0,,20250227追加
6384,0,1,282,310,貝の赤だし,0,0,0,0,0,0,0,,20250227追加
6385,0,1,391,430,大玉揚げたこ焼き 5個,0,0,0,0,0,0,0,,20250904追加
6386,0,1,391,430,▼▼▼３種の直火炙り食べ比べ,0,0,0,0,0,0,0,,20250227追加
6387,0,1,810,890,ｼｬﾘﾊｰﾌにぎり12貫　人気ネタ尽くし,0,0,0,0,0,0,0,,20250529追加
6388,0,1,873,960,ｼｬﾘﾊｰﾌにぎり8貫　厳選ネタ尽くし,0,0,0,0,0,0,0,,20250529追加
6389,0,1,96,105,1貫)ｻﾞｸ旨ラー油海鮮たたき軍艦,0,0,0,0,0,0,0,,20250327追加
6390,0,1,237,260,まかないシャリ雑炊,0,0,0,0,0,0,0,,20250807追加
6391,0,1,328,360,生ハムサラダ,0,0,0,0,0,0,0,,20250529追加
6392,0,1,60,65,1貫)なすの揚げひたし ごまみそだれ,0,0,0,0,0,0,0,,20250904追加
6393,0,1,96,105,1貫)マヨｻﾞｸ旨ラー油海鮮たたき軍艦,0,0,0,0,0,0,0,,20250327追加
6394,0,1,50,55,1貫)ごま大葉いなり,0,0,0,0,0,0,0,,20220914追加
6395,0,1,172,189,おこさまプレート,0,0,0,0,0,0,0,,20250807追加
6396,0,1,100,110,1貫)あじ竜田にぎり,0,0,0,0,0,0,0,,20250612追加
6397,0,1,69,75,1貫)炙り〆にしん,0,0,0,0,0,0,0,,20250904追加
6398,0,1,391,430,ｻﾗﾀﾞﾁｷﾝと5種野菜のｻﾗﾀﾞ,0,0,0,0,0,0,0,,20250612追加
6399,0,1,100,110,さっぱりシューアイス,0,0,0,0,0,0,0,,20220914追加
6400,0,1,100,110,抹茶わらび餅,0,0,0,0,0,0,0,,20220914追加
6401,0,1,182,200,▼1貫)茹でずわい蟹,0,0,0,0,0,0,0,,20241121追加
6402,0,1,69,75,1貫)炙り〆にしん大葉,0,0,0,0,0,0,0,,20250904追加
6403,0,1,500,550,ヨーグルトアイスボウル,0,0,0,0,0,0,0,,20250612追加
6404,0,1,191,210,小なす浅漬け盛り,0,0,0,0,0,0,0,,20250529追加
6405,0,1,191,210,▼1貫)寒ぶりはらみ塩炙り,0,0,0,0,0,0,0,,20250227追加
6406,0,1,96,105,1貫)甘海老にぎり,0,0,0,0,0,0,0,,20250904追加
6407,0,1,500,550,アサイーボウル（ダブル）,0,0,0,0,0,0,0,,20250904追加
6409,0,1,500,550,ヨーグルトアイスボウルはちみつ,0,0,0,0,0,0,0,,20250612追加
6410,0,1,264,290,ｱﾙﾌｫﾝｿﾏﾝｺﾞｰﾄﾞﾘﾝｸ,0,0,0,0,0,0,0,,20250612追加
6411,0,1,182,200,寒ぶりえんがわ二種盛り,0,0,0,0,0,0,0,,20250227追加
6412,0,1,210,230,寒ぶり焦がし醤油炙り,0,0,0,0,0,0,0,,20250227追加
6413,0,1,137,150,寒ぶりサーモン二種盛り,0,0,0,0,0,0,0,,20250227追加
6414,0,1,137,150,寒ぶりいか二種盛り,0,0,0,0,0,0,0,,20250227追加
6415,0,1,137,150,寒ぶりえび二種盛り,0,0,0,0,0,0,0,,20250227追加
6416,0,1,100,110,1貫)みなみ鮪とろぶつ包み,0,0,0,0,0,0,0,,20250612追加
6417,0,1,264,290,▼▼3種の海鮮天ぷら食べ比べ,0,0,0,0,0,0,0,,20250904追加
6418,0,1,419,460,寿司屋のまかない海鮮サラダ〜ごま醤油ドレッシング〜,0,0,0,0,0,0,0,,20250227追加
6419,0,1,100,110,1貫)とろいわし,0,0,0,0,0,0,0,,20250925追加
6420,0,1,419,460,ローストビーフサラダ,0,0,0,0,0,0,0,,20250227追加
6421,0,1,191,210,▼1貫)ほたて,0,0,0,0,0,0,0,,20250227追加
6423,0,1,137,150,1貫)塩炙りとろいわし,0,0,0,0,0,0,0,,20250925追加
6424,0,1,500,550,アサイーボウル（ダブル）〜はちみつ〜,0,0,0,0,0,0,0,,20250904追加
6425,0,1,172,189,おこさまポテトプレート,0,0,0,0,0,0,0,,20250807追加
6426,0,1,73,80,1貫)あんきも軍艦,0,0,0,0,0,0,0,,20250123追加
6427,0,1,78,85,1貫)あんきも軍艦　ポン酢ジュレ,0,0,0,0,0,0,0,,20250123追加
6428,0,1,591,650,まぜまぜスムージー風 アサイー&アセロラ,0,0,0,0,0,0,0,,20250904追加
6429,0,1,682,750,まぜまぜスムージー風　ダブルアサイー&アセロラ,0,0,0,0,0,0,0,,20250904追加
6430,0,1,60,65,1貫)あさり（生姜）,0,0,0,0,0,0,0,,20250123追加
6431,0,1,100,110,１貫)頭肉つき生えび,0,0,0,0,0,0,0,,20240509追加
6432,0,1,719,790,□贅沢いくら三昧,0,0,0,0,0,0,0,,20250529追加
6433,0,1,191,210,クリームケーキ,0,0,0,0,0,0,0,,20250227追加
6434,0,1,300,330,アセロラアップルドリンク,0,0,0,0,0,0,0,,20250904追加
6435,0,1,719,790,一人前コク旨醤油ラーメン,0,0,0,0,0,0,0,,20250904追加
6436,0,1,50,55,1貫)〆にしん,0,0,0,0,0,0,0,,20250123追加
6437,0,1,69,75,1貫)〆にしん塩炙り,0,0,0,0,0,0,0,,20250123追加
6438,0,1,328,360,マンゴー杏仁豆腐,0,0,0,0,0,0,0,,20250612追加
6439,0,1,519,570,□彩りとろネタ三昧,0,0,0,0,0,0,0,,20250612追加
6440,0,1,146,160,小なす浅漬けにぎり,0,0,0,0,0,0,0,,20250904追加
6441,0,1,555,610,6個揚げたこ焼き 青葱添え,0,0,0,0,0,0,0,,20250327追加
6442,0,1,146,160,香ばし炙りおにぎり,0,0,0,0,0,0,0,,20250612追加
6443,0,1,191,210,香ばし炙りおにぎり〜サラダのせ〜,0,0,0,0,0,0,0,,20250612追加
6444,0,1,191,210,香ばし炙りおにぎり〜たらこのせ〜,0,0,0,0,0,0,0,,20250612追加
6445,0,1,146,160,かにみそ,0,0,0,0,0,0,0,,20250529追加
6446,0,1,391,430,シェイク　マンゴーラッシー風,0,0,0,0,0,0,0,,20250612追加
6447,0,1,273,300,ﾊﾟﾝｹｰｷｻﾝﾄﾞ(ﾊﾞﾆﾗあずき),0,0,0,0,0,0,0,,20241024追加
6448,0,1,146,160,炙りパンガシウスﾊﾞｼﾞﾙ塩ﾚﾓﾝ,0,0,0,0,0,0,0,,20250612追加
6449,0,1,391,430,カムジャパン,0,0,0,0,0,0,0,,20250612追加
6450,0,1,264,290,香ばし炙りおにぎり〜いくらのせ〜,0,0,0,0,0,0,0,,20250612追加
6451,0,1,282,310,★香ばし炙りおにぎり&玉ねぎと油揚げの味噌汁セット,0,0,0,0,0,0,0,,20250612追加
6452,0,1,328,360,★香ばし炙りおにぎり〜サラダのせ〜玉ねぎと油揚げ味噌汁セット,0,0,0,0,0,0,0,,20250612追加
6453,0,1,328,360,★香ばし炙りおにぎり〜たらこのせ〜玉ねぎと油揚げ味噌汁セット,0,0,0,0,0,0,0,,20250612追加
6454,0,1,400,440,★香ばし炙りおにぎり〜いくらのせ〜玉ねぎと油揚げ味噌汁セット,0,0,0,0,0,0,0,,20250612追加
6455,0,1,191,210,ﾍﾞﾋﾞｰﾌｰﾄﾞ(角切り野菜ﾐｯｸｽ),0,0,0,0,0,0,0,,20250227追加
6456,0,1,191,210,ﾍﾞﾋﾞｰﾌｰﾄﾞ(チキンライス),0,0,0,0,0,0,0,,20250227追加
6457,0,1,1055,1160,★一人前コク旨醤油ラーメンセット〜チャーシューマヨ小丼つき〜,0,0,0,0,0,0,0,,20250904追加
6458,0,1,73,80,1貫)小なす浅漬けにぎり,0,0,0,0,0,0,0,,20250904追加
6459,0,1,864,950,韓国ｽｲｰﾂｾｯﾄﾊﾁﾐﾂ,0,0,0,0,0,0,0,,20250612追加
6460,0,1,810,890,にぎり12貫　人気ネタづくし,0,0,0,0,0,0,0,,20250529追加
6461,0,1,61,67,おこさま　ドリンクバー,0,0,0,0,0,0,0,,20250807追加
6462,0,1,137,150,1貫)特盛せいこ蟹外子内子軍艦ｶﾆﾐｿ,0,0,0,0,0,0,0,,20250807追加
6463,0,1,182,200,せいこ蟹外子内子軍艦,0,0,0,0,0,0,0,,20250807追加
6464,0,1,864,950,韓国スイーツセット,0,0,0,0,0,0,0,,20250612追加
6465,0,1,719,790,一人前濃厚豚骨ラーメン,0,0,0,0,0,0,0,,20250904追加
6466,0,1,410,450,濃厚豚骨ラーメン,0,0,0,0,0,0,0,,20250904追加
6467,0,1,146,160,かにみそマヨ,0,0,0,0,0,0,0,,20250529追加
6468,0,1,119,130,卵黄牛しぐれ煮軍艦,0,0,0,0,0,0,0,,20250904追加
6469,0,1,1055,1160,★一人前濃厚豚骨ラーメンセット〜チャーシューマヨ小丼付き〜,0,0,0,0,0,0,0,,20250904追加
6470,0,1,137,150,牛しぐれ煮軍艦,0,0,0,0,0,0,0,,20241024追加
6471,0,1,446,490,★チャーシューマヨ小丼,0,0,0,0,0,0,0,,20250904追加
6472,0,1,191,210,★白ご飯,0,0,0,0,0,0,0,,20250904追加
6473,0,1,419,460,特盛とり唐揚げﾏﾖなし,0,0,0,0,0,0,0,,20250227追加
6474,0,1,537,590,アサイー&ピタヤ,0,0,0,0,0,0,0,,20250612追加
6475,0,1,146,160,〆いわし,0,0,0,0,0,0,0,,20250904追加
6476,0,1,391,430,いちご練乳杏仁ﾊﾞﾆﾗｼｪｲｸ,0,0,0,0,0,0,0,,20250612追加
6477,0,1,328,360,1貫)白えび包み,0,0,0,0,0,0,0,,20250612追加
6479,0,1,182,200,▼白身魚天マヨ,0,0,0,0,0,0,0,,20241024追加
6480,0,1,191,210,まぐろ節香るかけうどん,0,0,0,0,0,0,0,,20250227追加
6481,0,1,191,210,まぐろ節香るかけうどん,0,0,0,0,0,0,0,,20250227追加
6482,0,1,69,75,1貫)オニオンサーモン,0,0,0,0,0,0,0,,20241024追加
6483,0,1,69,75,1貫)オニオンサーモンマヨ,0,0,0,0,0,0,0,,20241024追加
6484,0,1,191,210,▼あじ天にぎり,0,0,0,0,0,0,0,,20250227追加
6485,0,1,210,230,▼1貫)はまちはらみ塩炙り,0,0,0,0,0,0,0,,20250529追加
6486,0,1,137,150,1貫)ずわい蟹ほぐし身包み,0,0,0,0,0,0,0,,20241226追加
6487,0,1,100,110,1貫)みなみ鮪中とろ,0,0,0,0,0,0,0,,20250904追加
6488,0,1,1055,1160,★コク旨醤油ラーメンセット〜チャーシューマヨ小丼付〜※白米,0,0,0,0,0,0,0,,20250904追加
6489,0,1,446,490,贅沢えび三昧,0,0,0,0,0,0,0,,20250612追加
6490,0,1,264,290,▼▼1貫)大切り蝦夷あわび,0,0,0,0,0,0,0,,20250529追加
6491,0,1,600,660,大切り炙り真鯛の塩ラーメン〜追い麺つき〜,0,0,0,0,0,0,0,,20250904追加
6492,0,1,100,110,1貫)ほたるいか大葉包み,0,0,0,0,0,0,0,,20250612追加
6493,0,1,1055,1160,★濃厚豚骨ラーメンセット〜チャーシューマヨ小丼付〜※白米,0,0,0,0,0,0,0,,20250904追加
6494,0,1,137,150,1貫)頭肉付き大海老,0,0,0,0,0,0,0,,20241226追加
6495,0,1,146,160,いか天ソースマヨにぎり,0,0,0,0,0,0,0,,20250227追加
6496,0,1,446,490,★チャーシューマヨ小丼 ※白米,0,0,0,0,0,0,0,,20250904追加
6497,0,1,146,160,1貫)とろびんちょう包み ししゃもっこのせ,0,0,0,0,0,0,0,,20250925追加
6498,0,1,264,290,1貫)うに軍艦,0,0,0,0,0,0,0,,20250807追加
6499,0,1,100,110,1貫)ほたるいか包み,0,0,0,0,0,0,0,,20250612追加
6500,0,1,119,130,えび天にぎり(マヨ),0,0,0,0,0,0,0,,20250123追加
6501,0,1,119,130,さくさくいか天,0,0,0,0,0,0,0,,20250123追加
6502,0,1,264,290,▼▼3種の柚子塩ネタ食べ比べ,0,0,0,0,0,0,0,,20250925追加
6503,0,1,119,130,えび天にぎり,0,0,0,0,0,0,0,,20250123追加
6504,0,1,200,220,▼プレミアムサラダ軍艦,0,0,0,0,0,0,0,,20241226追加
6505,0,1,200,220,▼プレミアムサラダ軍艦（甘ﾀﾞﾚ・ガリ胡麻）,0,0,0,0,0,0,0,,20241226追加
6506,0,1,100,110,びんちょうハラモ,0,0,0,0,0,0,0,,20250123追加
6507,0,1,91,100,1貫)寒ぶり焦がし醤油炙り,0,0,0,0,0,0,0,,20250123追加
6508,0,1,100,110,1貫)蒸し牡蠣,0,0,0,0,0,0,0,,20250227追加
6509,0,1,200,220,▼プレミアムサラダ軍艦（ねぎとろ）,0,0,0,0,0,0,0,,20241226追加
6510,0,1,100,110,ししゃもっこ軍艦,0,0,0,0,0,0,0,,20250925追加
6511,0,1,100,110,1貫)特盛 ししゃもっこかっぱ軍艦,0,0,0,0,0,0,0,,20250925追加
6512,0,1,373,410,▼▼▼うにいくら軍艦,0,0,0,0,0,0,0,,20250529追加
6513,0,1,355,390,花咲蟹のてっぽう汁,0,0,0,0,0,0,0,,20241024追加
6514,0,1,355,390,花咲蟹のてっぽう汁(赤だし),0,0,0,0,0,0,0,,20241024追加
6515,0,1,355,390,ほたるいかと赤貝の酢味噌仕立て,0,0,0,0,0,0,0,,20250612追加
6516,0,1,100,110,1貫)あじ竜田にぎり,0,0,0,0,0,0,0,,20250925追加
6517,0,1,237,260,▼1貫)大切り炙りうなぎ,0,0,0,0,0,0,0,,20250424追加
6518,0,1,50,55,1貫)合鴨ロース,0,0,0,0,0,0,0,,20250904追加
6519,0,1,137,150,1貫)あじ竜田にぎり〜オニオンサラダ仕立て〜,0,0,0,0,0,0,0,,20250925追加
6520,0,1,69,75,1貫)合鴨ロース オニオンマヨ,0,0,0,0,0,0,0,,20250904追加
6521,0,1,114,125,1貫)あじ塩炙り,0,0,0,0,0,0,0,,20250529追加
6522,0,1,50,55,1貫)ねぎとろにぎり,0,0,0,0,0,0,0,,20240912追加
6523,0,1,355,390,▼▼▼1貫)大切りみなみ鮪大とろ,0,0,0,0,0,0,0,,20250925追加
6524,0,1,50,55,1貫)まいたけ天にぎり,0,0,0,0,0,0,0,,20250904追加
6525,0,1,355,390,▼▼▼1貫)大切りみなみ鮪大とろ塩炙り,0,0,0,0,0,0,0,,20250925追加
6526,0,1,482,530,▼▼▼みなみ鮪大とろぶつ&うに軍艦,0,0,0,0,0,0,0,,20250925追加
6527,0,1,391,430,▼▼▼みなみ鮪大とろぶつ&特盛いくら軍艦,0,0,0,0,0,0,0,,20250925追加
6528,0,1,264,290,紅白祝い寿司,0,0,0,0,0,0,0,,20250703追加
6529,0,1,146,160,1貫)本ずわい蟹,0,0,0,0,0,0,0,,20250612追加
6530,0,1,100,110,1貫)フグ塩炙り ポン酢ジュレのせ,0,0,0,0,0,0,0,,20250925追加
6531,0,1,1219,1340,□極み贅沢夏の5貫,0,0,0,0,0,0,0,,20250612追加
6532,0,1,1746,1920,□極み贅沢夏の7貫,0,0,0,0,0,0,0,,20250612追加
6533,0,1,146,160,白子軍艦,0,0,0,0,0,0,0,,20250227追加
6534,0,1,391,430,とり唐揚げ野菜あんかけ,0,0,0,0,0,0,0,,20250925追加
6535,0,1,50,55,1貫)サラダにぎり,0,0,0,0,0,0,0,,20240912追加
6536,0,1,564,620,アサイー&ピタヤストロー付き,0,0,0,0,0,0,0,,20250612追加
6537,0,1,69,75,1貫)ねぎとろザク旨ラー油にぎり,0,0,0,0,0,0,0,,20241024追加
6538,0,1,69,75,1貫)サラダザク旨ラー油にぎり,0,0,0,0,0,0,0,,20241024追加
6539,0,1,50,55,1貫)サラダ＆感動コーン,0,0,0,0,0,0,0,,20240912追加
6540,0,1,100,110,1貫)かにかま天にぎり,0,0,0,0,0,0,0,,20250904追加
6541,0,1,100,110,1貫)かにかま天マヨにぎり,0,0,0,0,0,0,0,,20241226追加
6542,0,1,182,200,▼チャーシューにぎり,0,0,0,0,0,0,0,,20250227追加
6543,0,1,391,430,ミニアサイーピタヤボウル,0,0,0,0,0,0,0,,20250612追加
6544,0,1,146,160,1貫)特製サーモン漬け海苔佃煮添え,0,0,0,0,0,0,0,,20250703追加
6545,0,1,110,120,1貫)あじのたたき 海苔包み,0,0,0,0,0,0,0,,20241226追加
6546,0,1,110,120,1貫)あじのたたき 大葉包み,0,0,0,0,0,0,0,,20241226追加
6547,0,1,391,430,あじ竜田野菜あんかけ,0,0,0,0,0,0,0,,20250925追加
6548,0,1,100,110,２種いくら合盛り,0,0,0,0,0,0,0,,20250123追加
6549,0,1,155,170,たたき軍艦,0,0,0,0,0,0,0,,20250327追加
6550,0,1,100,110,ねぎとろの山かけ,0,0,0,0,0,0,0,,20210512追加
6551,0,1,300,330,野菜あんかけ茶碗蒸し,0,0,0,0,0,0,0,,20250925追加
6552,0,1,100,110,ねぎとろ軍艦,0,0,0,0,0,0,0,,20220914追加
6553,0,1,210,230,1貫)特製活〆はまちはらみ漬け海苔佃煮添え,0,0,0,0,0,0,0,,20250703追加
6554,0,1,100,110,サラダ軍艦,0,0,0,0,0,0,0,,20220914追加
6555,0,1,100,110,納豆軍艦,0,0,0,0,0,0,0,,20210901追加
6556,0,1,119,130,1貫)えびフライにぎりｿｰｽ付,0,0,0,0,0,0,0,,20250807追加
6557,0,1,119,130,1貫)えびフライにぎりマヨ,0,0,0,0,0,0,0,,20250807追加
6558,0,1,191,210,1貫)大とろ,0,0,0,0,0,0,0,,20250327追加
6559,0,1,446,490,▼▼▼大とろ中とろ食べ比べ,0,0,0,0,0,0,0,,20250612追加
6560,0,1,191,210,炭焼きかつおたたき,0,0,0,0,0,0,0,,20250612追加
6561,0,1,246,270,▼▼えびフライにぎり ﾀﾙﾀﾙ,0,0,0,0,0,0,0,,20250123追加
6562,0,1,100,110,1貫)炙りコーンバターにぎり,0,0,0,0,0,0,0,,20250123追加
6565,0,1,764,840,□まぐろのプレミアムとろ三昧,0,0,0,0,0,0,0,,20250925追加
6567,0,1,146,160,甘海老軍艦,0,0,0,0,0,0,0,,20250227追加
6568,0,1,491,540,北陸家系ラーメン,0,0,0,0,0,0,0,,20250925追加
6569,0,1,491,540,北陸家系ラーメン甘ガリ,0,0,0,0,0,0,0,,20250925追加
6570,0,1,537,590,家系ﾗｰﾒﾝ倍盛りﾁｬｰｼｭｰほうれん草,0,0,0,0,0,0,0,,20250925追加
6571,0,1,173,190,ミニシャリ丼（ザク旨ラー油）,0,0,0,0,0,0,0,,20250925追加
6572,0,1,710,780,軍艦12貫〜人気ネタづくし〜,0,0,0,0,0,0,0,,20250327追加
6573,0,1,146,160,ミニシャリ丼（ねぎマヨ）,0,0,0,0,0,0,0,,20250925追加
6574,0,1,237,260,海鮮まかない茶碗蒸し,0,0,0,0,0,0,0,,20250327追加
6575,0,1,100,110,ラーメン海苔（袋）,0,0,0,0,0,0,0,,20250925追加
6576,0,1,491,540,豚骨魚介らぁめん,0,0,0,0,0,0,0,,20250227追加
6577,0,1,591,650,濃厚豚骨魚介つけめん,0,0,0,0,0,0,0,,20250227追加
6578,0,1,300,330,ﾌﾗｲﾄﾞﾎﾟﾃﾄ(ｻﾞｸ旨ﾗｰ油ﾏﾖ),0,0,0,0,0,0,0,,20250227追加
6579,0,1,100,110,1貫)うに包み,0,0,0,0,0,0,0,,20251009追加
6580,0,1,73,80,1貫)かにみそ,0,0,0,0,0,0,0,,20250529追加
6581,0,1,73,80,1貫)かにみそマヨ,0,0,0,0,0,0,0,,20250529追加
6582,0,1,60,65,1貫)卵黄牛しぐれ煮軍艦,0,0,0,0,0,0,0,,20250904追加
6583,0,1,69,75,1貫)牛しぐれ煮軍艦,0,0,0,0,0,0,0,,20241024追加
6584,0,1,264,290,▼▼1貫)中とろ うに醤油,0,0,0,0,0,0,0,,20251009追加
6585,0,1,264,290,▼▼1貫)うにとこぼしいくら包み,0,0,0,0,0,0,0,,20251009追加
6586,0,1,137,150,追いつけめん,0,0,0,0,0,0,0,,20250227追加
6587,0,1,173,190,▼1貫)うに醤油の甘海老大葉包み,0,0,0,0,0,0,0,,20251009追加
6588,0,1,100,110,うに醤油（カップ）,0,0,0,0,0,0,0,,20251009追加
6589,0,1,719,790,□新物贅沢うに三昧（うに増量）,0,0,0,0,0,0,0,,20251009追加
6590,0,1,391,430,新物うに茶碗蒸し,0,0,0,0,0,0,0,,20251009追加
6591,0,1,191,210,炭焼きかつおたたき香味野菜仕立て,0,0,0,0,0,0,0,,20250612追加
6592,0,1,100,110,1貫)乙女鯛,0,0,0,0,0,0,0,,20251009追加
6593,0,1,419,460,炙り乙女鯛の塩ラーメン(2枚),0,0,0,0,0,0,0,,20251009追加
6594,0,1,173,190,生たこ,0,0,0,0,0,0,0,,20250227追加
6595,0,1,782,860,贅沢大えび天丼,0,0,0,0,0,0,0,,20250612追加
6596,0,1,900,990,★贅沢大えび天丼・あおさ,0,0,0,0,0,0,0,,20250612追加
6597,0,1,100,110,1貫)うなぎ切り出し包み,0,0,0,0,0,0,0,,20240620追加
6598,0,1,146,160,1貫)乙女鯛あおさ出汁あんかけ,0,0,0,0,0,0,0,,20251009追加
6599,0,1,782,860,まぐろづくし丼,0,0,0,0,0,0,0,,20250612追加
6600,0,1,900,990,★まぐろづくし丼・あおさ,0,0,0,0,0,0,0,,20250612追加
6601,0,1,100,110,1貫)うなぎ刻みマヨ包み,0,0,0,0,0,0,0,,20240704追加
6602,0,1,782,860,9種の海鮮丼,0,0,0,0,0,0,0,,20250612追加
6603,0,1,900,990,★9種の海鮮丼・あおさ,0,0,0,0,0,0,0,,20250612追加
6604,0,1,137,150,1貫)乙女鯛漬け包み柚子のせ,0,0,0,0,0,0,0,,20251009追加
6605,0,1,419,460,乙女鯛のカルパッチョ,0,0,0,0,0,0,0,,20251009追加
6606,0,1,1110,1220,★にぎり12貫・茶碗蒸し・あおさ,0,0,0,0,0,0,0,,20250529追加
6607,0,1,464,510,いちごのプレミアムプリンパフェ,0,0,0,0,0,0,0,,20241024追加
6608,0,1,628,690,★えび天うどん・茶碗蒸・いなり2個セット,0,0,0,0,0,0,0,,20250227追加
6609,0,1,137,150,えびマヨ炙り,0,0,0,0,0,0,0,,20241107追加
6610,0,1,137,150,えびマヨペッパー炙り,0,0,0,0,0,0,0,,20241107追加
6611,0,1,100,110,1貫)いくら包み,0,0,0,0,0,0,0,,20250807追加
6612,0,1,628,690,★大切り炙り真鯛の塩ラーメン・茶碗蒸し・いなり2個セット,0,0,0,0,0,0,0,,20250612追加
6613,0,1,137,150,1貫)乙女鯛天にぎり,0,0,0,0,0,0,0,,20251009追加
6614,0,1,228,250,▼▼1貫)はまちはらみカラスミのせ,0,0,0,0,0,0,0,,20251009追加
6615,0,1,137,150,浜焼き風 えび,0,0,0,0,0,0,0,,20241107追加
6616,0,1,137,150,浜焼き風　あかいかゲソ,0,0,0,0,0,0,0,,20241107追加
6617,0,1,137,150,サーモンマヨ炙り,0,0,0,0,0,0,0,,20241024追加
6618,0,1,137,150,サーモンマヨペッパー炙り,0,0,0,0,0,0,0,,20241024追加
6619,0,1,155,170,とろ〆さば炙り,0,0,0,0,0,0,0,,20250123追加
6620,0,1,137,150,浜焼き風 玉子,0,0,0,0,0,0,0,,20241107追加
6621,0,1,182,200,塩炙り〆いわし,0,0,0,0,0,0,0,,20250904追加
6622,0,1,119,130,だし巻玉子,0,0,0,0,0,0,0,,20250904追加
6623,0,1,119,130,温かいだし巻玉子,0,0,0,0,0,0,0,,20250904追加
6624,0,1,228,250,▼▼1貫)はまち漁師風カラスミ包み,0,0,0,0,0,0,0,,20251009追加
6625,0,1,191,210,玉ねぎ天盛り,0,0,0,0,0,0,0,,20250227追加
6626,0,1,210,230,ちょこっとフライドポテト,0,0,0,0,0,0,0,,20250227追加
6627,0,1,100,110,きゅうりスティック醤油ドレッシング＆マヨ,0,0,0,0,0,0,0,,20240620追加
6628,0,1,210,230,枝豆,0,0,0,0,0,0,0,,20250227追加
6629,0,1,191,210,ふわもちみたらし団子（炙り）,0,0,0,0,0,0,0,,20250227追加
6630,0,1,419,460,まぐろ出汁の醤油ラーメン,0,0,0,0,0,0,0,,20251009追加
6631,0,1,100,110,バニラアイス,0,0,0,0,0,0,0,,20240620追加
6632,0,1,146,160,1貫)こぼしえんがわ刻み包み,0,0,0,0,0,0,0,,20250925追加
6633,0,1,300,330,▼▼炙りえんがわ刻み盛り,0,0,0,0,0,0,0,,20250227追加
6634,0,1,100,110,納豆（カップ）,0,0,0,0,0,0,0,,20251009追加
6635,0,1,100,110,とろろ（カップ）,0,0,0,0,0,0,0,,20251009追加
6636,0,1,210,230,ちょこっとジューシーとり唐揚げ,0,0,0,0,0,0,0,,20250227追加
6637,0,1,100,110,ザク旨ラー油オニオン（カップ）,0,0,0,0,0,0,0,,20251009追加
6638,0,1,191,210,活〆真鯛,0,0,0,0,0,0,0,,20250612追加
6639,0,1,200,220,トッピング3点セット,0,0,0,0,0,0,0,,20251009追加
6640,0,1,628,690,乙女鯛炙りの塩ラーメン(2枚)追い麺つき,0,0,0,0,0,0,0,,20251009追加
6641,0,1,128,140,1貫)赤えび とびこのせ,0,0,0,0,0,0,0,,20250227追加
6642,0,1,87,95,1貫)生たこ,0,0,0,0,0,0,0,,20250227追加
6643,0,1,537,590,おでん６種盛り合わせ,0,0,0,0,0,0,0,,20250904追加
6644,0,1,119,130,おでん　大根,0,0,0,0,0,0,0,,20250904追加
6645,0,1,146,160,おでん　たまご,0,0,0,0,0,0,0,,20250904追加
6646,0,1,119,130,おでん　こんにゃく,0,0,0,0,0,0,0,,20250904追加
6647,0,1,173,190,おでん　つみれ,0,0,0,0,0,0,0,,20250904追加
6648,0,1,100,110,おでん　ちくわ,0,0,0,0,0,0,0,,20250904追加
6649,0,1,273,300,バニラアイス＆カットマスクメロン,0,0,0,0,0,0,0,,20250904追加
6650,0,1,191,210,本日のおでん２種盛り※具材は選べません,0,0,0,0,0,0,0,,20250904追加
6651,0,1,300,330,3種盛（はまちカツオ真鯛）,0,0,0,0,0,0,0,,20250612追加
6652,0,1,69,75,1貫)えびマヨ炙り,0,0,0,0,0,0,0,,20241107追加
6653,0,1,69,75,1貫)えびマヨペッパー炙り,0,0,0,0,0,0,0,,20241107追加
6654,0,1,69,75,1貫)浜焼き風 えび,0,0,0,0,0,0,0,,20241107追加
6655,0,1,69,75,1貫)浜焼き風　あかいかゲソ,0,0,0,0,0,0,0,,20241107追加
6656,0,1,69,75,1貫)サーモンマヨ炙り,0,0,0,0,0,0,0,,20241024追加
6657,0,1,69,75,1貫)サーモンマヨペッパー炙り,0,0,0,0,0,0,0,,20241024追加
6658,0,1,78,85,1貫)とろ〆さば炙り,0,0,0,0,0,0,0,,20250123追加
6661,0,1,69,75,1貫)浜焼き風 玉子,0,0,0,0,0,0,0,,20241107追加
6662,0,1,464,510,おこさまにぎり寿司セット,0,0,0,0,0,0,0,,20250529追加
6663,0,1,464,510,おこさまカレーセット,0,0,0,0,0,0,0,,20250529追加
6664,0,1,282,310,おこさまプレート,0,0,0,0,0,0,0,,20250227追加
6665,0,1,91,100,1貫)塩炙り〆いわし,0,0,0,0,0,0,0,,20250904追加
6666,0,1,191,210,さんが大葉包み天盛り,0,0,0,0,0,0,0,,20250904追加
6667,0,1,655,720,★炙り乙女鯛の塩ラーメン・茶碗蒸し・いなり2個セット,0,0,0,0,0,0,0,,20251009追加
6669,0,1,182,200,追いシャリ(コーンバター),0,0,0,0,0,0,0,,20241205追加
6671,0,1,182,200,アスパラ天盛り,0,0,0,0,0,0,0,,20241024追加
6678,0,1,390,429,牡蠣フライ盛り,0,0,0,0,0,0,0,,20231228追加
6683,0,1,100,110,たくあん巻,0,0,0,0,0,0,0,,20160624素材変更
6684,0,1,100,110,納豆巻,0,0,0,0,0,0,0,,331
6685,0,1,391,430,1貫)ふっくら蒸し煮穴子寿司かつお出汁餡がけ,0,0,0,0,0,0,0,,20250703追加
6686,0,1,100,110,かっぱ巻,0,0,0,0,0,0,0,,341
6690,0,1,328,360,サーモン巻き天かっぱのサラダ&アボカドオニオンマヨ,0,0,0,0,0,0,0,,20250703追加
6692,0,1,146,160,1貫)みなみ鮪中とろぶつ包み,0,0,0,0,0,0,0,,20250904追加
6693,0,1,100,110,ジューシーいなり巻,0,0,0,0,0,0,0,,20250327追加
6694,0,1,391,430,▼▼▼1貫)ぼたん海老,0,0,0,0,0,0,0,,20241024追加
6695,0,1,391,430,▼▼1貫)ぼたん海老天にぎり,0,0,0,0,0,0,0,,20250227追加
6696,0,1,100,110,ジューシーいなりごま大葉巻,0,0,0,0,0,0,0,,20250327追加
6697,0,1,391,430,とろけるお揚げのきつねうどん,0,0,0,0,0,0,0,,20250327追加
6703,0,1,173,190,▼▼1貫)千葉県産一本釣り金目鯛,0,0,0,0,0,0,0,,20250227追加
6704,0,1,219,240,▼▼1貫)千葉県産一本釣り金目鯛 柚子いくら,0,0,0,0,0,0,0,,20250227追加
6707,0,1,237,260,Qooりんご,0,0,0,0,0,0,0,,20250529追加
6708,0,1,237,260,Qooぶどう,0,0,0,0,0,0,0,,20250529追加
6709,0,1,219,240,▼▼1貫)千葉県産一本釣り金目鯛炙り 柚子胡麻,0,0,0,0,0,0,0,,20250227追加
6710,0,1,100,110,まぐろ・いか二種盛り,0,0,0,0,0,0,0,,20241107追加
6712,0,1,155,170,かつお大葉天にぎり,0,0,0,0,0,0,0,,20241024追加
6715,0,1,182,200,1貫)活〆はまちはらみ漬け大葉天,0,0,0,0,0,0,0,,20250703追加
6716,0,1,119,130,1貫)サーモン漬け大葉天,0,0,0,0,0,0,0,,20250703追加
6717,0,1,100,110,まぐろ・えび二種盛り,0,0,0,0,0,0,0,,20241107追加
6720,0,1,173,190,えび天巻,0,0,0,0,0,0,0,,20250227追加
6722,0,1,173,190,魚の竜田ロール,0,0,0,0,0,0,0,,20250123追加
6723,0,1,137,150,まぐろ醤油,0,0,0,0,0,0,0,,20241024追加
6724,0,1,69,75,1貫)まぐろ醤油,0,0,0,0,0,0,0,,20241024追加
6725,0,1,464,510,おこさまパンケーキ（2枚）,0,0,0,0,0,0,0,,20250410追加
6726,0,1,282,310,おこさまうどん,0,0,0,0,0,0,0,,20250410追加
6727,0,1,464,510,ごちそうハンバーグカレー,0,0,0,0,0,0,0,,20250410追加
6728,0,1,191,210,ごちそうハンバーグにぎり〜ケチャップつき〜,0,0,0,0,0,0,0,,20250410追加
6729,0,1,28,30,とろ〜りはちみつ,0,0,0,0,0,0,0,,20250410追加
6731,0,1,210,230,北海道産刺身いわし,0,0,0,0,0,0,0,,20250807追加
6733,0,1,246,270,北海道産刺身いわし塩炙り,0,0,0,0,0,0,0,,20250807追加
6734,0,1,355,390,千葉県産ピーナッツバニラのパンケーキサンド,0,0,0,0,0,0,0,,20250227追加
6735,0,1,219,240,▼▼1貫)千葉県産一本釣り金目鯛の大葉巻き天,0,0,0,0,0,0,0,,20250227追加
6736,0,1,200,220,▼プレミアムサラダ軍艦「マヨLOVER」仕立て,0,0,0,0,0,0,0,,20241226追加
6739,0,1,264,290,五目野菜餡の茶碗蒸し,0,0,0,0,0,0,0,,20250327追加
6740,0,1,100,110,いなり,0,0,0,0,0,0,0,,313
6741,0,1,355,390,五目野菜うどん,0,0,0,0,0,0,0,,20250327追加
6742,0,1,237,260,▼刻みうなぎ卵黄軍艦,0,0,0,0,0,0,0,,20250410追加
6743,0,1,237,260,▼刻みうなぎとろろ軍艦,0,0,0,0,0,0,0,,20250410追加
6746,0,1,300,330,ﾌﾗｲﾄﾞﾎﾟﾃﾄ(ｹﾁｬｯﾌﾟ付),0,0,0,0,0,0,0,,20250227追加
6747,0,1,100,110,1貫)玄天 天然あじ 生姜,0,0,0,0,0,0,0,,20250703追加
6748,0,1,237,260,なつかしピー玉ラムネ,0,0,0,0,0,0,0,,20250424追加
6753,0,1,237,260,玄天 天然あじ 食べ比べ,0,0,0,0,0,0,0,,20250703追加
6755,0,1,100,110,感動コーンかっぱ軍艦,0,0,0,0,0,0,0,,20250227追加
6756,0,1,100,110,1貫)炭焼きかつおたたき卵黄ユッケ風包み,0,0,0,0,0,0,0,,20250703追加
6757,0,1,50,55,1貫)天然やりいか,0,0,0,0,0,0,0,,20240704追加
6758,0,1,137,150,1貫)活〆真鯛 紀州産梅大葉,0,0,0,0,0,0,0,,20250227追加
6759,0,1,210,230,▼〆いわし 紀州産梅大葉（炙り）,0,0,0,0,0,0,0,,20250227追加
6760,0,1,237,260,茶碗蒸し,0,0,0,0,0,0,0,,20250227追加
6770,0,1,210,230,▼生たこ 紀州産梅きゅうり,0,0,0,0,0,0,0,,20250227追加
6771,0,1,137,150,サーモン バジル塩レモン,0,0,0,0,0,0,0,,20250227追加
6772,0,1,237,260,あおさの味噌汁,0,0,0,0,0,0,0,,20250227追加
6773,0,1,237,260,あおさの赤だし,0,0,0,0,0,0,0,,20250227追加
6774,0,1,119,130,1貫)特製漬けごま真鯛,0,0,0,0,0,0,0,,20250313追加
6775,0,1,155,170,1貫）特製漬けごま真鯛炙り,0,0,0,0,0,0,0,,20250313追加
6776,0,1,264,290,▼▼真鯛食べ比べ,0,0,0,0,0,0,0,,20250313追加
6777,0,1,419,460,特製漬けごま天盛り,0,0,0,0,0,0,0,,20250313追加
6781,0,1,100,110,やりいか・姿やりいか食べ比べ,0,0,0,0,0,0,0,,20250123追加
6782,0,1,491,540,博多一双監修　博多豚骨カプチーノ風ラーメン,0,0,0,0,0,0,0,,20250410追加
6783,0,1,537,590,博多一双監修　博多豚骨カプチーノ風ラーメン　ピリ辛高菜入り,0,0,0,0,0,0,0,,20250410追加
6784,0,1,537,590,博多一双監修　博多豚骨カプチーノ風ラーメン　倍チャーシュー,0,0,0,0,0,0,0,,20250410追加
6785,0,1,137,150,追いシャリ　ピリ辛高菜,0,0,0,0,0,0,0,,20250410追加
6787,0,1,964,1060,先ずコレ7貫と夏のスタミナ炙り3種,0,0,0,0,0,0,0,,20250717追加
6790,0,1,173,190,かけうどん(平日限定）,0,0,0,0,0,0,0,,20250227追加
6791,0,1,210,230,▼1貫)ほたて バジル塩レモン,0,0,0,0,0,0,0,,20250227追加
6792,0,1,228,250,▼生えび バジル塩レモン,0,0,0,0,0,0,0,,20250227追加
6793,0,1,355,390,きつねうどん,0,0,0,0,0,0,0,,20250904追加
6794,0,1,355,390,えび天うどん,0,0,0,0,0,0,0,,20250904追加
6795,0,1,355,390,きつねうどん,0,0,0,0,0,0,0,,20250904追加
6796,0,1,355,390,えび天うどん,0,0,0,0,0,0,0,,20250904追加
6797,0,1,146,160,明太子軍艦,0,0,0,0,0,0,0,,20250703追加
6803,0,1,137,150,1貫)ローストビーフ バジル塩レモン,0,0,0,0,0,0,0,,20250327追加
6807,0,1,155,170,えび天 バジルマヨ,0,0,0,0,0,0,0,,20250227追加
6810,0,1,155,170,いか天 バジルマヨ,0,0,0,0,0,0,0,,20250227追加
6811,0,1,119,130,1貫)ローストビーフ,0,0,0,0,0,0,0,,20250327追加
6812,0,1,73,80,1貫)明太子軍艦,0,0,0,0,0,0,0,,20250703追加
6813,0,1,146,160,明太子マヨ軍艦,0,0,0,0,0,0,0,,20250703追加
6814,0,1,73,80,1貫)明太子マヨ軍艦,0,0,0,0,0,0,0,,20250703追加
6815,0,1,264,290,とり天にぎり 明太子&柚子胡椒,0,0,0,0,0,0,0,,20250703追加
6816,0,1,132,145,1貫)とり天にぎり 明太子&柚子胡椒,0,0,0,0,0,0,0,,20250703追加
6817,0,1,146,160,1貫)とり天にぎり たまごたっぷりタルタルソース,0,0,0,0,0,0,0,,20250703追加
6820,0,1,100,110,1貫)生小柱とびこのせ包み,0,0,0,0,0,0,0,,20241024追加
6829,0,1,155,170,1貫)ローストビーフオニオン おろしステーキソース,0,0,0,0,0,0,0,,20250327追加
6830,0,1,1228,1350,□極みごち寿司５貫,0,0,0,0,0,0,0,,20250529追加
6833,0,1,1719,1890,□極みごち寿司７貫,0,0,0,0,0,0,0,,20250529追加
6834,0,1,419,460,▼▼▼ちょこっと刺し盛り〜まぐろ&とろぶつ〜,0,0,0,0,0,0,0,,20250227追加
6835,0,1,264,290,▼▼ちょこっと刺し盛り〜サーモン&サーモンぶつ〜,0,0,0,0,0,0,0,,20250227追加
6836,0,1,664,730,醤油ﾗｰﾒﾝと水餃子,0,0,0,0,0,0,0,,20250925追加
6838,0,1,237,260,ごぼう唐揚げ 柚子胡椒添え,0,0,0,0,0,0,0,,20250703追加
6842,0,1,100,110,卵黄納豆軍艦,0,0,0,0,0,0,0,,20210901追加
6862,0,1,446,490,とり天ごぼううどん 柚子胡椒添え,0,0,0,0,0,0,0,,20250703追加
6866,0,1,264,290,ちょこっとチキン南蛮（2個）,0,0,0,0,0,0,0,,20250703追加
6867,0,1,446,490,チキン南蛮（4個）,0,0,0,0,0,0,0,,20250703追加
6869,0,1,28,30,小袋 柚子胡椒,0,0,0,0,0,0,0,,20250904追加
6874,0,1,710,780,軍艦１２貫〜人気ネタづくし〜,0,0,0,0,0,0,0,,20250703追加
6875,0,1,264,290,蟹といくらのかっぱタワー寿司,0,0,0,0,0,0,0,,20250703追加
6876,0,1,319,350,▼▼▼ちょこっと刺身盛り〜活〆真鯛&海鮮たたき〜,0,0,0,0,0,0,0,,20250529追加
6877,0,1,119,130,きゅうりｽﾗｲｽ＆かにｶﾏ小鉢,0,0,0,0,0,0,0,,20250227追加
6878,0,1,100,110,キーマカレー軍艦,0,0,0,0,0,0,0,,20240704追加
6879,0,1,100,110,マヨキーマカレー軍艦,0,0,0,0,0,0,0,,20240704追加
6887,0,1,446,490,ローストビーフのサラダ,0,0,0,0,0,0,0,,20250327追加
6890,0,1,391,430,フライドポテト〜バジルマヨ&レモン〜,0,0,0,0,0,0,0,,20250227追加
6896,0,1,391,430,さかなの竜田揚げ,0,0,0,0,0,0,0,,20250227追加
6927,0,1,306,330,ＴＯ特製甘だれ,0,0,0,0,0,0,0,,20241024追加
6932,0,1,1810,1990,TOしんかんせんﾌﾟﾚｰﾄ,0,0,0,0,0,0,0,,20220112追加
6939,0,1,273,300,いちご練乳の杏仁豆腐　,0,0,0,0,0,0,0,,20241024追加
6942,0,1,146,160,蟹にぎり,0,0,0,0,0,0,0,,20250327追加
6944,0,1,100,110,1貫)北海道産ほたて,0,0,0,0,0,0,0,,20250807追加
6947,0,1,600,660,かっぱの「ごち天」盛り合わせ,0,0,0,0,0,0,0,,20250227追加
6952,0,1,210,230,ちょこっとアスパラ天盛り,0,0,0,0,0,0,0,,20250227追加
6953,0,1,237,260,冷やし茶碗蒸し,0,0,0,0,0,0,0,,20250227追加
6958,0,1,373,410,▼▼▼特盛 みなみ鮪とろぶつ軍艦,0,0,0,0,0,0,0,,20250515追加
6959,0,1,391,430,いくら贅沢冷やし茶碗蒸し,0,0,0,0,0,0,0,,20250807追加
6968,0,1,391,430,鯛スープと国産米粉入りフォー,0,0,0,0,0,0,0,,20250904追加
6970,0,1,446,490,お豆で作ったキーマカレーと国産米粉入りフォー,0,0,0,0,0,0,0,,20250327追加
6971,0,1,391,430,▼▼▼3種のバジル塩レモン食べ比べ,0,0,0,0,0,0,0,,20250227追加
6975,0,1,173,190,グレープ果汁100％,0,0,0,0,0,0,0,,20250227追加
6976,0,1,173,190,アップル果汁100％,0,0,0,0,0,0,0,,20250227追加
6978,0,1,464,510,ストロベリープレミアムプリンパフェ,0,0,0,0,0,0,0,,20250227追加
6979,0,1,610,670,唐揚げ2個3種食べ比べ,0,0,0,0,0,0,0,,20250612追加
6983,0,1,300,330,ｻｰﾀｰｱﾝﾀﾞｷﾞｰ&バニラ,0,0,0,0,0,0,0,,20250703追加
6985,0,1,510,560,ｻｰﾀｰｱﾝﾀﾞｷﾞｰカップ,0,0,0,0,0,0,0,,20250703追加
6987,0,1,519,570,あおさの汁物と野菜あんかけ茶碗蒸しセット,0,0,0,0,0,0,0,,20250925追加
6988,0,1,991,1090,鮪プレミアムとろ三昧と3種の柚子塩,0,0,0,0,0,0,0,,20250925追加
6989,0,1,600,660,ルマンドパフェとホットコーヒー,0,0,0,0,0,0,0,,20250925追加
6990,0,1,610,670,家系ラーメンとミニシャリねぎマヨ,0,0,0,0,0,0,0,,20250925追加
6991,0,1,1264,1390,秋のとろっと3貫＆極み贅沢5貫,0,0,0,0,0,0,0,,20250904追加
6992,0,1,510,560,ルマンドプリン＆アイスコーヒー,0,0,0,0,0,0,0,,20250904追加
6993,0,1,655,720,鳥中華ラーメン＆加賀揚,0,0,0,0,0,0,0,,20250904追加
6994,0,1,364,400,玉ねぎと油揚げの汁物＆茶碗蒸し,0,0,0,0,0,0,0,,20250904追加
6995,0,1,964,1060,先ずコレ7貫と3種の柚子塩,0,0,0,0,0,0,0,,20250925追加
6996,0,1,146,160,ストロベリーアイス,0,0,0,0,0,0,0,,20250227追加
6997,0,1,528,580,ルマンドプリンとふわもちみたらし団子,0,0,0,0,0,0,0,,20250925追加
6998,0,1,691,760,まぐろ出汁らーめんと水餃子セット,0,0,0,0,0,0,0,,20251009追加
6999,0,1,428,470,玉ねぎの汁物＆野菜あんかけ茶碗蒸し,0,0,0,0,0,0,0,,20250925追加
7000,0,1,237,260,Ｌコカ・コーラ,0,0,0,0,0,0,0,,20241205追加
7001,0,1,237,260,Ｌメロンソーダ,0,0,0,0,0,0,0,,20241205追加
7002,0,1,237,260,Ｌカルピス,0,0,0,0,0,0,0,,20241205追加
7003,0,1,237,260,Ｌカルピスソーダ,0,0,0,0,0,0,0,,20241205追加
7004,0,1,237,260,Ｌ烏龍茶,0,0,0,0,0,0,0,,20241205追加
7005,0,1,237,260,Ｌコカ・コーラゼロ,0,0,0,0,0,0,0,,20241205追加
7006,0,1,237,260,Ｌ爽健美茶,0,0,0,0,0,0,0,,20241205追加
7007,0,1,237,260,Ｌジンジャーエール,0,0,0,0,0,0,0,,20241205追加
7008,0,1,237,260,Ｌミニッツメイドオレンジ,0,0,0,0,0,0,0,,20241205追加
7012,0,1,455,500,あおさの汁物&茶碗蒸し,0,0,0,0,0,0,0,,20250904追加
7013,0,1,1791,1970,秋のとろっと3貫＆極み贅沢7貫,0,0,0,0,0,0,0,,20250904追加
7014,0,1,719,790,担々肉味噌らーめん＆水餃子,0,0,0,0,0,0,0,,20250904追加
7015,0,1,319,350,あずき団子&抹茶わらび餅,0,0,0,0,0,0,0,,20250904追加
7017,0,1,182,200,▼あじたたき軍艦,0,0,0,0,0,0,0,,20241024追加
7018,0,1,264,290,ドリンクバー,0,0,0,0,0,0,0,,20241205追加
7022,0,1,300,330,ベイクドチーズケーキ,0,0,0,0,0,0,0,,20250227追加
7023,0,1,300,330,チョコレートケーキ,0,0,0,0,0,0,0,,20250227追加
7024,0,1,328,360,プレミアムプリン,0,0,0,0,0,0,0,,20250227追加
7025,0,1,328,360,プレミアムホイッププリン,0,0,0,0,0,0,0,,20250227追加
7026,0,1,355,390,▼▼▼まぐろマウンテン,0,0,0,0,0,0,0,,20241226追加
7027,0,1,355,390,▼▼▼海鮮たたきマウンテン,0,0,0,0,0,0,0,,20241024追加
7028,0,1,173,190,▼1貫)みなみ鮪中とろ,0,0,0,0,0,0,0,,20241024追加
7029,0,1,391,430,合鴨たぬきうどん,0,0,0,0,0,0,0,,20250227追加
7030,0,1,100,110,1貫)釜揚げしらす包み,0,0,0,0,0,0,0,,20250227追加
7031,0,1,119,130,1貫)大えび天包み,0,0,0,0,0,0,0,,20250227追加
7032,0,1,119,130,1貫)マヨ大えび天包み,0,0,0,0,0,0,0,,20250227追加
7038,0,1,105,115,1貫)〆いわし 紀州産梅大葉（炙り）,0,0,0,0,0,0,0,,20250227追加
7041,0,1,300,330,フライドポテト(ﾍﾟｯﾊﾟｰﾏﾖ),0,0,0,0,0,0,0,,20250227追加
7043,0,1,105,115,1貫)生たこ 紀州産梅きゅうり,0,0,0,0,0,0,0,,20250227追加
7044,0,1,282,310,おこさまポテトプレート,0,0,0,0,0,0,0,,20250227追加
7045,0,1,300,330,▼▼三陸産 とろいわし食べ比べ,0,0,0,0,0,0,0,,20240912追加
7050,0,1,69,75,1貫)サーモン バジル塩レモン,0,0,0,0,0,0,0,,20250227追加
7064,0,1,191,210,▼1貫)つきみいくら軍艦,0,0,0,0,0,0,0,,20241024追加
7065,0,1,237,260,あんかけ茶碗蒸し,0,0,0,0,0,0,0,,20250227追加
7067,0,1,114,125,1貫)生えび バジル塩レモン,0,0,0,0,0,0,0,,20250227追加
7068,0,1,78,85,1貫)えび天 バジルマヨ,0,0,0,0,0,0,0,,20250227追加
7069,0,1,78,85,1貫)いか天 バジルマヨ,0,0,0,0,0,0,0,,20250227追加
7072,0,1,191,210,▼海老フライにぎり〜ソース付き〜,0,0,0,0,0,0,0,,20250313追加
7073,0,1,391,430,コク旨醤油ラーメン,0,0,0,0,0,0,0,,20241024追加
7075,0,1,178,195,1貫)えんがわ二枚重ね,0,0,0,0,0,0,0,,20241024追加
7076,0,1,178,195,1貫)ﾊｰﾌ炙り上煮穴子,0,0,0,0,0,0,0,,20241024追加
7079,0,1,446,490,ﾉﾝｱﾙ ｶｼｽｵﾚﾝｼﾞﾃｲｽﾄ,0,0,0,0,0,0,0,,20250227追加
7080,0,1,446,490,ﾉﾝｱﾙ ﾚﾓﾝｻﾜｰﾃｲｽﾄ,0,0,0,0,0,0,0,,20250227追加
7081,0,1,1955,2150,★極み贅沢にぎり七貫・茶碗蒸し・あおさの汁物,0,0,0,0,0,0,0,,20250529追加
7085,0,1,114,125,1貫)塩炙りとろサーモン,0,0,0,0,0,0,0,,20250529追加
7089,0,1,105,115,1貫)甲いか,0,0,0,0,0,0,0,,20250327追加
7090,0,1,87,95,1貫)活〆はまち,0,0,0,0,0,0,0,,20250313追加
7094,0,1,173,190,1貫)活〆ふわとろ煮穴子,0,0,0,0,0,0,0,,20250904追加
7095,0,1,191,210,▼海老フライマヨにぎり〜ソース付き〜,0,0,0,0,0,0,0,,20250313追加
7096,0,1,210,230,1貫)活〆ふわとろ煮穴子炙り,0,0,0,0,0,0,0,,20250904追加
7099,0,1,178,195,1貫)特盛いくら軍艦,0,0,0,0,0,0,0,,20241024追加
7101,0,1,96,105,1貫)天然生えび,0,0,0,0,0,0,0,,20250227追加
7108,0,1,96,105,1貫)とろサーモン,0,0,0,0,0,0,0,,20250227追加
7109,0,1,328,360,いちご練乳の杏仁豆腐,0,0,0,0,0,0,0,,20250313追加
7116,0,1,105,115,1貫)つぶ貝,0,0,0,0,0,0,0,,20250227追加
7117,0,1,105,115,1貫)赤貝,0,0,0,0,0,0,0,,20250327追加
7118,0,1,105,115,1貫)牛カルビ炙り,0,0,0,0,0,0,0,,20250227追加
7119,0,1,96,105,1貫)えんがわ,0,0,0,0,0,0,0,,20250227追加
7120,0,1,105,115,1貫)いくら,0,0,0,0,0,0,0,,20250327追加
7121,0,1,96,105,1貫)とびこ軍艦,0,0,0,0,0,0,0,,20250227追加
7122,0,1,105,115,1貫)肉厚とろ〆さばの押し寿司,0,0,0,0,0,0,0,,20250327追加
7123,0,1,141,155,1貫)炙り肉厚とろ〆さばの押し寿司,0,0,0,0,0,0,0,,20250327追加
7125,0,1,328,360,甘旨ホワイト練乳杏仁豆腐,0,0,0,0,0,0,0,,20250313追加
7126,0,1,50,55,1貫)サラダねぎとろ,0,0,0,0,0,0,0,,20240307追加
7127,0,1,50,55,1貫)サラダ納豆,0,0,0,0,0,0,0,,20240307追加
7137,0,1,537,590,シードル（SWEET),0,0,0,0,0,0,0,,20250227追加
7138,0,1,537,590,シードル（DRY),0,0,0,0,0,0,0,,20250227追加
7188,0,1,119,130,卵黄とろろ軍艦,0,0,0,0,0,0,0,,20250904追加
7213,0,1,328,360,黒蜜宇治抹茶プリン,0,0,0,0,0,0,0,,20250313追加
7224,0,1,137,150,〆にしん塩炙り,0,0,0,0,0,0,0,,20250123追加
7239,0,1,87,95,1貫)活〆寒ぶり,0,0,0,0,0,0,0,,20250227追加
7262,0,1,0,0,●アスパラ天にぎり,0,0,0,0,0,0,0,,20240307追加
7263,0,1,0,0,●ﾊﾞｼﾞﾙ塩ﾚﾓﾝあかいかゲソ,0,0,0,0,0,0,0,,20240307追加
7264,0,1,0,0,●1貫)ﾊﾞｼﾞﾙ塩ﾚﾓﾝ真鯛,0,0,0,0,0,0,0,,20240307追加
7265,0,1,0,0,●アスパラ天盛り,0,0,0,0,0,0,0,,20240307追加
7266,0,1,0,0,●とり唐揚げ,0,0,0,0,0,0,0,,20240307追加
7267,0,1,0,0,●あんかけ茶碗蒸し,0,0,0,0,0,0,0,,20240307追加
7268,0,1,0,0,●旬ネタ期間限定５貫セット,0,0,0,0,0,0,0,,20250925追加
7269,0,1,0,0,●にぎり７貫セット,0,0,0,0,0,0,0,,20250424追加
7270,0,1,0,0,●本日のお楽しみ５貫セット,0,0,0,0,0,0,0,,20250424追加
7284,0,1,0,0,天つゆ,0,0,0,0,0,0,0,,20210304追加
7285,0,1,0,0,からし,0,0,0,0,0,0,0,,20250904追加
7286,0,1,146,160,あん肝軍艦,0,0,0,0,0,0,0,,20250123追加
7287,0,1,0,0,塩,0,0,0,0,0,0,0,,20210304追加
7288,0,1,0,0,わさび,0,0,0,0,0,0,0,,20210304追加
7299,0,1,446,490,黒蜜宇治抹茶プリンパフェ,0,0,0,0,0,0,0,,20250313追加
7315,0,1,100,110,キーマカレー&コーンかっぱ軍艦,0,0,0,0,0,0,0,,20250327追加
7329,0,1,100,110,あかいかゲソ（大葉）,0,0,0,0,0,0,0,,20230329追加
7330,0,1,100,110,アスパラ天にぎり,0,0,0,0,0,0,0,,20240307追加
7335,0,1,100,110,キーマカレーかっぱ軍艦,0,0,0,0,0,0,0,,20250327追加
7336,0,1,119,130,とろろ牛しぐれ煮軍艦,0,0,0,0,0,0,0,,20250904追加
7348,0,1,355,390,力うどん,0,0,0,0,0,0,0,,20241205追加
7355,0,1,60,65,1貫)とろろ牛しぐれ煮軍艦,0,0,0,0,0,0,0,,20250904追加
7368,0,1,119,130,1貫)石垣貝,0,0,0,0,0,0,0,,20250904追加
7372,0,1,391,430,カキフライ盛りｿｰｽ,0,0,0,0,0,0,0,,20241024追加
7388,0,1,100,110,サラたく軍艦,0,0,0,0,0,0,0,,20230329追加
7389,0,1,100,110,大葉釜揚げしらす軍艦,0,0,0,0,0,0,0,,20230329追加
7390,0,1,100,110,釜揚げしらす軍艦,0,0,0,0,0,0,0,,20230329追加
7405,0,1,524,576,豪快(生酒),0,0,0,0,0,0,0,,20170201_新規
7406,0,1,320,352,一刻者(お湯割り),0,0,0,0,0,0,0,,20170201_新規
7407,0,1,524,576,松竹梅 豪快(熱燗),0,0,0,0,0,0,0,,20170201_新規
7411,0,1,30,33,食べ残し,0,0,0,0,0,0,0,,170925新規
7416,0,1,50,55,1貫)あかいかゲソ(大葉),0,0,0,0,0,0,0,,20230329追加
7424,0,1,100,110,追いしゃり,0,0,0,0,0,0,0,,20210602追加
7469,0,1,173,190,かけうどん(平日限定）,0,0,0,0,0,0,0,,20250227追加
7484,0,1,391,430,特盛ﾌﾗｲﾄﾞﾎﾟﾃﾄ(ｹﾁｬｯﾌﾟ),0,0,0,0,0,0,0,,20250227追加
7490,0,1,50,55,1貫)サラたく軍艦,0,0,0,0,0,0,0,,20230329追加
7494,0,1,119,130,1貫)うに大葉包み,0,0,0,0,0,0,0,,20250529追加
7498,0,1,237,260,Qooもも,0,0,0,0,0,0,0,,20250529追加
7579,0,1,100,110,まぐろ二種盛り,0,0,0,0,0,0,0,,20241107追加
7616,0,1,155,170,あん肝軍艦(ﾎﾟﾝ酢ｼﾞｭﾚ),0,0,0,0,0,0,0,,20250123追加
7642,0,1,100,110,〆にしん,0,0,0,0,0,0,0,,20250123追加
7742,0,1,100,110,本気しゃり,0,0,0,0,0,0,0,,20241024追加
7767,0,1,100,110,サーモン(ｼｬﾘﾊｰﾌ),0,0,0,0,0,0,0,,20241024追加
7768,0,1,100,110,えび(ｼｬﾘﾊｰﾌ),0,0,0,0,0,0,0,,20230712追加
7769,0,1,100,110,真いか(ｼｬﾘﾊｰﾌ),0,0,0,0,0,0,0,,20230712追加
7770,0,1,173,190,煮穴子(ｼｬﾘﾊｰﾌ),0,0,0,0,0,0,0,,20250327追加
7771,0,1,100,110,玉子(ｼｬﾘﾊｰﾌ),0,0,0,0,0,0,0,,20230712追加
7772,0,1,100,110,まぐろ(ｼｬﾘﾊｰﾌ),0,0,0,0,0,0,0,,20241024追加
7773,0,1,100,110,びん長まぐろ(ｼｬﾘﾊｰﾌ),0,0,0,0,0,0,0,,20230712追加
7774,0,1,100,110,まぐろ・サーモン二種(ｼｬﾘﾊｰﾌ),0,0,0,0,0,0,0,,20241107追加
7775,0,1,150,165,はまち・サーモン二種(ｼｬﾘﾊｰﾌ),0,0,0,0,0,0,0,,20250313追加
7776,0,1,150,165,はまち・いか二種(ｼｬﾘﾊｰﾌ),0,0,0,0,0,0,0,,20250313追加
7777,0,1,150,165,はまち・えび二種(ｼｬﾘﾊｰﾌ),0,0,0,0,0,0,0,,20250313追加
7778,0,1,196,215,はまち・えんがわ二種(ｼｬﾘﾊｰﾌ),0,0,0,0,0,0,0,,20250313追加
7779,0,1,191,210,はまち(ｼｬﾘﾊｰﾌ),0,0,0,0,0,0,0,,20250612追加
7780,0,1,105,115,1貫)つぶ貝(ｼｬﾘﾊｰﾌ),0,0,0,0,0,0,0,,20250227追加
7781,0,1,119,130,1貫)ｻｰﾓﾝﾊﾗｽ(ｼｬﾘﾊｰﾌ),0,0,0,0,0,0,0,,20250612追加
7783,0,1,105,115,1貫)赤貝(ｼｬﾘﾊｰﾌ),0,0,0,0,0,0,0,,20250327追加
7788,0,1,87,95,1貫)はまち(ｼｬﾘﾊｰﾌ),0,0,0,0,0,0,0,,20250313追加
7789,0,1,191,210,国産炭焼きかつおたたき（ｼｬﾘﾊｰﾌ）,0,0,0,0,0,0,0,,20250612追加
7791,0,1,210,230,甲いか（ｼｬﾘﾊｰﾌ）,0,0,0,0,0,0,0,,20250327追加
7792,0,1,105,115,1貫)甲いか（ｼｬﾘﾊｰﾌ）,0,0,0,0,0,0,0,,20250327追加
7793,0,1,191,210,活〆真鯛(ｼｬﾘﾊｰﾌ),0,0,0,0,0,0,0,,20250612追加
7794,0,1,96,105,1貫)とろサーモン(ｼｬﾘﾊｰﾌ),0,0,0,0,0,0,0,,20250227追加
7795,0,1,96,105,1貫)生えび(ｼｬﾘﾊｰﾌ),0,0,0,0,0,0,0,,20250227追加
7797,0,1,100,110,まぐろ・いか二種盛り(ｼｬﾘﾊｰﾌ),0,0,0,0,0,0,0,,20241107追加
7798,0,1,100,110,まぐろ・えび二種盛り(ｼｬﾘﾊｰﾌ),0,0,0,0,0,0,0,,20241107追加
7799,0,1,146,160,〆いわし(ｼｬﾘﾊｰﾌ),0,0,0,0,0,0,0,,20250904追加
7800,0,1,137,150,炙り〆にしん(ｼｬﾘﾊｰﾌ),0,0,0,0,0,0,0,,20250904追加
7801,0,1,100,110,合鴨ロース(ｼｬﾘﾊｰﾌ),0,0,0,0,0,0,0,,20250904追加
7802,0,1,73,80,1貫)〆いわし(ｼｬﾘﾊｰﾌ),0,0,0,0,0,0,0,,20250904追加
7803,0,1,69,75,1貫)炙り〆にしん(ｼｬﾘﾊｰﾌ),0,0,0,0,0,0,0,,20250904追加
7804,0,1,50,55,1貫)合鴨ロース(ｼｬﾘﾊｰﾌ),0,0,0,0,0,0,0,,20250904追加
7805,0,1,173,190,1貫)うなぎ(ｼｬﾘﾊｰﾌ),0,0,0,0,0,0,0,,20250904追加
7806,0,1,210,230,▼1貫）うなぎ炙り(ｼｬﾘﾊｰﾌ),0,0,0,0,0,0,0,,20250904追加
7807,0,1,100,110,1貫)豚タン塩ダレ(ｼｬﾘﾊｰﾌ),0,0,0,0,0,0,0,,20250904追加
7811,0,1,191,210,▼1貫)ほたて(ｼｬﾘﾊｰﾌ),0,0,0,0,0,0,0,,20250227追加
7814,0,1,119,130,1貫)石垣貝（ｼｬﾘﾊｰﾌ）,0,0,0,0,0,0,0,,20240620追加
7818,0,1,100,110,まぐろ二種盛り(ｼｬﾘﾊｰﾌ),0,0,0,0,0,0,0,,20241107追加
7819,0,1,50,55,1貫)まぐろ(ｼｬﾘﾊｰﾌ),0,0,0,0,0,0,0,,20241024追加
7820,0,1,50,55,1貫)びん長まぐろ(ｼｬﾘﾊｰﾌ),0,0,0,0,0,0,0,,20230712追加
7821,0,1,50,55,1貫)真いか(ｼｬﾘﾊｰﾌ),0,0,0,0,0,0,0,,20230712追加
7822,0,1,50,55,1貫)サーモン(ｼｬﾘﾊｰﾌ),0,0,0,0,0,0,0,,20241024追加
7824,0,1,50,55,1貫)えび(ｼｬﾘﾊｰﾌ),0,0,0,0,0,0,0,,20230712追加
7825,0,1,87,95,1貫)煮穴子(ｼｬﾘﾊｰﾌ),0,0,0,0,0,0,0,,20250327追加
7826,0,1,50,55,1貫)玉子(ｼｬﾘﾊｰﾌ),0,0,0,0,0,0,0,,20230712追加
7827,0,1,60,65,1貫)とろ〆さば(ｼｬﾘﾊｰﾌ),0,0,0,0,0,0,0,,20250123追加
7828,0,1,87,95,1貫)生たこ(ｼｬﾘﾊｰﾌ),0,0,0,0,0,0,0,,20250227追加
7829,0,1,119,130,とろ〆さば(ｼｬﾘﾊｰﾌ),0,0,0,0,0,0,0,,20250123追加
7830,0,1,173,190,生たこ(ｼｬﾘﾊｰﾌ),0,0,0,0,0,0,0,,20250227追加
7834,0,1,100,110,おこさま ドリンクバー,0,0,0,0,0,0,0,,20191001新規
7835,0,1,191,210,▼1貫)赤えび(ｼｬﾘﾊｰﾌ),0,0,0,0,0,0,0,,20250227追加
7840,0,1,210,230,▼つぶ貝(ｼｬﾘﾊｰﾌ),0,0,0,0,0,0,0,,20250227追加
7848,0,1,191,210,▼とろサーモン(ｼｬﾘﾊｰﾌ),0,0,0,0,0,0,0,,20250227追加
7851,0,1,100,110,生ハム(ｼｬﾘﾊｰﾌ),0,0,0,0,0,0,0,,20250529追加
7852,0,1,191,210,▼生えび(ｼｬﾘﾊｰﾌ),0,0,0,0,0,0,0,,20250227追加
7862,0,1,50,55,1貫)生ハム(ｼｬﾘﾊｰﾌ),0,0,0,0,0,0,0,,20250529追加
7870,0,1,719,790,□とろ三昧,0,0,0,0,0,0,0,,20250227追加
7871,0,1,100,110,1貫)頭肉付き活〆大えび,0,0,0,0,0,0,0,,20250703追加
7872,0,1,100,110,1貫)活〆真鯛(ｼｬﾘﾊｰﾌ),0,0,0,0,0,0,0,,20250529追加
7874,0,1,210,230,▼赤貝(ｼｬﾘﾊｰﾌ),0,0,0,0,0,0,0,,20250327追加
7879,0,1,282,310,▼▼1貫)中とろ(ｼｬﾘﾊｰﾌ),0,0,0,0,0,0,0,,20250227追加
7881,0,1,146,160,1貫)大切り活〆真鯛(ｼｬﾘﾊｰﾌ),0,0,0,0,0,0,0,,20250529追加
7883,0,1,100,110,1貫)炭焼きかつおたたき（ｼｬﾘﾊｰﾌ）,0,0,0,0,0,0,0,,20250529追加
7884,0,1,182,200,1貫)活〆真鯛塩炙り(ｼｬﾘﾊｰﾌ),0,0,0,0,0,0,0,,20250529追加
7885,0,1,100,110,1貫)活〆はまち,0,0,0,0,0,0,0,,20250529追加
7887,0,1,191,210,▼えんがわ(ｼｬﾘﾊｰﾌ),0,0,0,0,0,0,0,,20250227追加
7889,0,1,96,105,1貫)えんがわ(ｼｬﾘﾊｰﾌ),0,0,0,0,0,0,0,,20250227追加
7918,0,1,364,400,玉ﾈｷﾞの汁物と茶碗蒸しセット,0,0,0,0,0,0,0,,20251009追加
7935,0,1,100,110,1貫)のどぐろ塩炙り,0,0,0,0,0,0,0,,20250424追加
7956,0,1,100,110,中巻(とろ〆さば),0,0,0,0,0,0,0,,20230802追加
7965,0,1,100,110,卵黄ねぎとろ軍艦,0,0,0,0,0,0,0,,20250227追加
7979,0,1,155,170,1貫)活〆真鯛塩炙り,0,0,0,0,0,0,0,,20250123追加
8006,0,1,446,490,ピーチウーロン,0,0,0,0,0,0,0,,20250904追加
8007,0,1,810,890,真澄 辛口ゴールド（熱燗）,0,0,0,0,0,0,0,,20250904追加
8008,0,1,810,890,玉乃光 酒魂（熱燗）,0,0,0,0,0,0,0,,20250904追加
8009,0,1,455,500,ドクター・ペッパー〜サングリア仕立て〜,0,0,0,0,0,0,0,,20250807追加
8010,0,1,455,500,ドクター・ディーゼル,0,0,0,0,0,0,0,,20250807追加
8011,0,1,546,600,ドクター・ペッパー〜サングリア仕立て〜ちょこっとポテトセット,0,0,0,0,0,0,0,,20250807追加
8012,0,1,546,600,ドクター・ディーゼルちょこっとポテトセット,0,0,0,0,0,0,0,,20250807追加
8013,0,1,482,530,金黒(お湯割り),0,0,0,0,0,0,0,,20250327追加
8014,0,1,482,530,金黒(水割り),0,0,0,0,0,0,0,,20250327追加
8015,0,1,482,530,金黒(ロック),0,0,0,0,0,0,0,,20250327追加
8016,0,1,390,429,一刻者(お湯割り),0,0,0,0,0,0,0,,20200603追加
8017,0,1,390,429,レモンサワー,0,0,0,0,0,0,0,,20200603追加
8018,0,1,446,490,ブラックニッカハイボール,0,0,0,0,0,0,0,,20250227追加
8019,0,1,480,528,アサヒスーパードライ(生ビール),0,0,0,0,0,0,0,,20221214追加
8020,0,1,446,490,プレーンサワー,0,0,0,0,0,0,0,,20250227追加
8021,0,1,446,490,生搾りレモンサワー,0,0,0,0,0,0,0,,20250227追加
8022,0,1,810,890,真澄 辛口ゴールド,0,0,0,0,0,0,0,,20250904追加
8023,0,1,810,890,玉乃光 酒魂,0,0,0,0,0,0,0,,20250904追加
8026,0,1,390,429,かぼすサワー,0,0,0,0,0,0,0,,20240125追加
8027,0,1,537,590,生ビール中(タンブラー),0,0,0,0,0,0,0,,20250515追加
8028,0,1,573,630,松竹梅　豪快　辛口(熱燗・冷や常温),0,0,0,0,0,0,0,,20250327追加
8029,0,1,900,990,生中とおつまみセットA,0,0,0,0,0,0,0,,20240808追加
8030,0,1,573,630,松竹梅　豪快　辛口(冷酒),0,0,0,0,0,0,0,,20250327追加
8031,0,1,490,539,澪＜BRUT辛口＞,0,0,0,0,0,0,0,,20201021追加
8032,0,1,900,990,生ビール(大),0,0,0,0,0,0,0,,20250327追加
8033,0,1,1000,1100,生中とおつまみセットB,0,0,0,0,0,0,0,,20240808追加
8034,0,1,446,490,アサヒドライゼロ(ノンアルコール),0,0,0,0,0,0,0,,20250227追加
8035,0,1,410,450,アサヒ　ビアリー,0,0,0,0,0,0,0,,20241205追加
8041,0,1,537,590,生ビール中,0,0,0,0,0,0,0,,20250227追加
8042,0,1,1500,1650,生中とお刺身・天ぷらセット,0,0,0,0,0,0,0,,20240704追加
8043,0,1,800,880,ハイボールとおつまみセットA,0,0,0,0,0,0,0,,20240704追加
8044,0,1,900,990,ハイボールとおつまみセットB,0,0,0,0,0,0,0,,20240704追加
8045,0,1,1400,1540,ハイボールとお刺身・天ぷらセット,0,0,0,0,0,0,0,,20240704追加
8046,0,1,790,869,生ビール(大),0,0,0,0,0,0,0,,20221214追加
8047,0,1,100,110,100円ﾊｲﾎﾞｰﾙ,0,0,0,0,0,0,0,,20181107新規
8050,0,1,100,110,100円生ビール(中),0,0,0,0,0,0,0,,20180905新規
8051,0,1,200,220,生ビール(小),0,0,0,0,0,0,0,,20180725新規
8052,0,1,380,418,ｽﾊﾟｰｸﾘﾝｸﾞ酒 恋音(れのん),0,0,0,0,0,0,0,,20180410新規
8053,0,1,173,190,アイスコーヒー,0,0,0,0,0,0,0,,20250227追加
8054,0,1,173,190,ホットコーヒー,0,0,0,0,0,0,0,,20250227追加
8057,0,1,480,528,松竹梅 豪快(冷酒),0,0,0,0,0,0,0,,20180307新規
8058,0,1,480,528,松竹梅 豪快（熱燗）,0,0,0,0,0,0,0,,20180307新規
8059,0,1,480,528,松竹梅 豪快（冷や常温）,0,0,0,0,0,0,0,,20180307新規
8060,0,1,380,418,ハイボール,0,0,0,0,0,0,0,,20180307新規
8061,0,1,450,495,生ビール中,0,0,0,0,0,0,0,,20221214追加
8062,0,1,480,528,ビンビール,0,0,0,0,0,0,0,,20180307新規
8063,0,1,482,530,アサヒゼロ,0,0,0,0,0,0,0,,20250327追加
8067,0,1,350,385,アサヒ　ビアリー,0,0,0,0,0,0,0,,20220914追加
8068,0,1,480,528,豪快(冷酒),0,0,0,0,0,0,0,,20170907継続
8069,0,1,450,495,松竹梅 豪快(熱燗),0,0,0,0,0,0,0,,20170714新規
8070,0,1,450,495,松竹梅 豪快(冷や),0,0,0,0,0,0,0,,20170714新規
8076,0,1,573,630,スパークリング清酒_澪,0,0,0,0,0,0,0,,20250327追加
8082,0,1,573,630,松竹梅　豪快(冷や常温),0,0,0,0,0,0,0,,20250327追加
8094,0,1,237,260,からだすこやか茶W,0,0,0,0,0,0,0,,20241205追加
8100,0,1,173,190,コカ・コーラ,0,0,0,0,0,0,0,,20250227追加
8101,0,1,173,190,ジンジャーエール,0,0,0,0,0,0,0,,20250227追加
8110,0,1,0,0,お椀・フォーク,0,0,0,0,0,0,0,,20241024追加
8114,0,1,0,0,減塩醤油,0,0,0,0,0,0,0,,20241024追加
8115,0,1,0,0,取り皿,0,0,0,0,0,0,0,,20241024追加
8116,0,1,0,0,甘酢生姜,0,0,0,0,0,0,0,,20241024追加
8121,0,1,0,0,れんげ,0,0,0,0,0,0,0,,20180905新規
8130,0,1,0,0,●天然さより（ねぎ生姜）,0,0,0,0,0,0,0,,20250313追加
8132,0,1,0,0,●まぐろ,0,0,0,0,0,0,0,,20230419追加
8133,0,1,0,0,●びん長まぐろ,0,0,0,0,0,0,0,,20230419追加
8134,0,1,0,0,●サーモン,0,0,0,0,0,0,0,,20230419追加
8135,0,1,0,0,●焼きサーモン,0,0,0,0,0,0,0,,20230419追加
8136,0,1,0,0,●とろサーモン,0,0,0,0,0,0,0,,20230419追加
8137,0,1,0,0,●生えび,0,0,0,0,0,0,0,,20230419追加
8138,0,1,0,0,●えび,0,0,0,0,0,0,0,,20230419追加
8139,0,1,0,0,●ﾎﾀﾃ浜焼き風,0,0,0,0,0,0,0,,20230111追加
8140,0,1,0,0,●蒸しホタテ,0,0,0,0,0,0,0,,20230419追加
8141,0,1,0,0,●炙りうなぎ,0,0,0,0,0,0,0,,20230111追加
8142,0,1,0,0,●真いか,0,0,0,0,0,0,0,,20230419追加
8143,0,1,0,0,●炙りサーモンマヨ,0,0,0,0,0,0,0,,20230419追加
8144,0,1,0,0,●生たこ,0,0,0,0,0,0,0,,20230419追加
8145,0,1,0,0,●サーモンマヨペッパー炙り,0,0,0,0,0,0,0,,20230419追加
8146,0,1,0,0,●つぶ貝,0,0,0,0,0,0,0,,20240125追加
8147,0,1,0,0,●浜焼き風真いか,0,0,0,0,0,0,0,,20230111追加
8148,0,1,0,0,●赤貝,0,0,0,0,0,0,0,,20231116追加
8149,0,1,0,0,●サーモン バジル塩レモン,0,0,0,0,0,0,0,,20250313追加
8150,0,1,0,0,●えびマヨ炙り,0,0,0,0,0,0,0,,20230419追加
8151,0,1,0,0,●えびマヨペッパー炙り,0,0,0,0,0,0,0,,20230419追加
8152,0,1,0,0,●えんがわ(大葉),0,0,0,0,0,0,0,,20230419追加
8153,0,1,0,0,●煮穴子,0,0,0,0,0,0,0,,20230419追加
8154,0,1,0,0,●〆いわし,0,0,0,0,0,0,0,,20230111追加
8155,0,1,0,0,●〆いわし炙り梅大葉,0,0,0,0,0,0,0,,20250313追加
8156,0,1,0,0,●玉子,0,0,0,0,0,0,0,,20230419追加
8157,0,1,0,0,●いなり,0,0,0,0,0,0,0,,20230419追加
8158,0,1,0,0,●卵黄牛しぐれ軍艦,0,0,0,0,0,0,0,,20250313追加
8159,0,1,0,0,●うなぎ,0,0,0,0,0,0,0,,20230419追加
8160,0,1,0,0,●海鮮たたきマウンテン,0,0,0,0,0,0,0,,20250313追加
8161,0,1,0,0,●えび天にぎり,0,0,0,0,0,0,0,,20230419追加
8162,0,1,0,0,●えび天にぎり(マヨ),0,0,0,0,0,0,0,,20230419追加
8163,0,1,0,0,●さくさくイカ天,0,0,0,0,0,0,0,,20230419追加
8164,0,1,0,0,●さくさくイカ天(マヨ),0,0,0,0,0,0,0,,20230419追加
8165,0,1,0,0,●ｵﾆｵﾝｻｰﾓﾝﾏﾖ,0,0,0,0,0,0,0,,20230111追加
8166,0,1,0,0,●ｱﾎﾞｶﾄﾞｻｰﾓﾝ,0,0,0,0,0,0,0,,20230419追加
8167,0,1,0,0,●浜焼き風えび,0,0,0,0,0,0,0,,20230419追加
8168,0,1,0,0,●ｱﾎﾞｶﾄﾞえび,0,0,0,0,0,0,0,,20230419追加
8169,0,1,0,0,●デミハンバーグマヨ,0,0,0,0,0,0,0,,170925新規
8170,0,1,0,0,●浜焼き風　玉子,0,0,0,0,0,0,0,,20230111追加
8171,0,1,0,0,●炙り〆にしん,0,0,0,0,0,0,0,,20250904追加
8172,0,1,0,0,●ねぎとろ軍艦,0,0,0,0,0,0,0,,20230419追加
8173,0,1,0,0,●まぐたく軍艦,0,0,0,0,0,0,0,,20230419追加
8174,0,1,0,0,●1貫)ローストビーフ,0,0,0,0,0,0,0,,20250313追加
8175,0,1,0,0,●塩こうじ仕立ての真さば竜田揚げ,0,0,0,0,0,0,0,,20250904追加
8176,0,1,0,0,●いくら,0,0,0,0,0,0,0,,20230419追加
8177,0,1,0,0,●塩こうじ仕立ての真さば竜田揚げマヨ,0,0,0,0,0,0,0,,20250904追加
8178,0,1,0,0,●マヨテリヤキチキン,0,0,0,0,0,0,0,,20230419追加
8179,0,1,0,0,●まいたけ天にぎり,0,0,0,0,0,0,0,,20250904追加
8180,0,1,0,0,●納豆軍艦,0,0,0,0,0,0,0,,20230419追加
8181,0,1,0,0,●かにみそ,0,0,0,0,0,0,0,,20230419追加
8182,0,1,0,0,●甘海老軍艦,0,0,0,0,0,0,0,,20230419追加
8183,0,1,0,0,●サラダ,0,0,0,0,0,0,0,,20230419追加
8184,0,1,0,0,●感動コーン,0,0,0,0,0,0,0,,20230419追加
8185,0,1,0,0,●いかオクラめかぶ軍艦,0,0,0,0,0,0,0,,20230419追加
8186,0,1,0,0,●甘海老軍艦,0,0,0,0,0,0,0,,20230419追加
8187,0,1,0,0,●ドーナツ〜きな粉〜2個,0,0,0,0,0,0,0,,20250904追加
8188,0,1,0,0,●つぶ貝(二枚重ね),0,0,0,0,0,0,0,,20231116追加
8189,0,1,0,0,●納豆かっぱ軍艦,0,0,0,0,0,0,0,,20250904追加
8190,0,1,0,0,●かっぱ巻,0,0,0,0,0,0,0,,20230419追加
8191,0,1,0,0,●鉄火巻,0,0,0,0,0,0,0,,20230419追加
8192,0,1,0,0,●干ぴょう巻,0,0,0,0,0,0,0,,170925新規
8193,0,1,0,0,●納豆巻,0,0,0,0,0,0,0,,20230419追加
8194,0,1,0,0,●たらこ軍艦,0,0,0,0,0,0,0,,20230419追加
8197,0,1,0,0,●茶碗蒸し,0,0,0,0,0,0,0,,20230419追加
8198,0,1,0,0,●オクラいかめかぶ納豆かっぱ軍艦,0,0,0,0,0,0,0,,20250904追加
8199,0,1,0,0,●おでん5種盛り合わせ 辛子つき,0,0,0,0,0,0,0,,20250904追加
8200,0,1,0,0,●枝豆,0,0,0,0,0,0,0,,20230419追加
8201,0,1,0,0,●ﾌﾗｲﾄﾞﾎﾟﾃﾄ(ｹﾁｬｯﾌﾟ付),0,0,0,0,0,0,0,,20230921追加
8202,0,1,0,0,●感動コーン軍艦,0,0,0,0,0,0,0,,20250515追加
8203,0,1,0,0,●かにカマサラダ軍艦,0,0,0,0,0,0,0,,20250515追加
8204,0,1,0,0,●オクラいかめかぶ軍艦,0,0,0,0,0,0,0,,20250515追加
8205,0,1,0,0,●オクラいかめかぶ納豆軍艦,0,0,0,0,0,0,0,,20250515追加
8206,0,1,0,0,●コク旨醤油ラーメン,0,0,0,0,0,0,0,,20250529追加
8207,0,1,0,0,●あん肝軍艦(きゅうり),0,0,0,0,0,0,0,,20230111追加
8208,0,1,0,0,●あおさの赤だし,0,0,0,0,0,0,0,,20230419追加
8209,0,1,0,0,●貝の味噌汁,0,0,0,0,0,0,0,,170925新規
8210,0,1,0,0,●貝の赤だし,0,0,0,0,0,0,0,,20230419追加
8211,0,1,0,0,●ねぎとろ巻,0,0,0,0,0,0,0,,20230419追加
8212,0,1,0,0,●きつねうどん,0,0,0,0,0,0,0,,20230419追加
8213,0,1,0,0,●えび天うどん,0,0,0,0,0,0,0,,20230419追加
8214,0,1,0,0,●醤油ラーメン,0,0,0,0,0,0,0,,20230419追加
8216,0,1,0,0,●鯛スープの塩ラーメン,0,0,0,0,0,0,0,,20250529追加
8217,0,1,0,0,●プリン,0,0,0,0,0,0,0,,20230823追加
8218,0,1,0,0,●ホイッププリン,0,0,0,0,0,0,0,,20230823追加
8219,0,1,0,0,●カムジャパン,0,0,0,0,0,0,0,,20250925追加
8220,0,1,0,0,●極太ポテト〜ケチャップ添え〜,0,0,0,0,0,0,0,,20250925追加
8221,0,1,0,0,●感動コーンかっぱ軍艦,0,0,0,0,0,0,0,,20250515追加
8222,0,1,0,0,●かにカマサラダ〜かっぱ軍艦〜,0,0,0,0,0,0,0,,20250515追加
8225,0,1,0,0,●さつまいも天盛り,0,0,0,0,0,0,0,,20230419追加
8226,0,1,0,0,●なす天ぷら盛り,0,0,0,0,0,0,0,,20250529追加
8227,0,1,0,0,●あじ,0,0,0,0,0,0,0,,20230111追加
8229,0,1,0,0,●1貫)炭焼きかつおたたき,0,0,0,0,0,0,0,,20250529追加
8230,0,1,0,0,●あかいかゲソ　ねぎ塩ごま油,0,0,0,0,0,0,0,,20240620追加
8231,0,1,0,0,●生たこ　ねぎ塩ごま油,0,0,0,0,0,0,0,,20240620追加
8232,0,1,0,0,●生たこ,0,0,0,0,0,0,0,,171101新規
8233,0,1,0,0,●玉ねぎ天盛り,0,0,0,0,0,0,0,,20230419追加
8234,0,1,0,0,●生ハム,0,0,0,0,0,0,0,,20250529追加
8235,0,1,0,0,●甘ガリ天盛り,0,0,0,0,0,0,0,,20250529追加
8237,0,1,0,0,●さっぱりシューアイス,0,0,0,0,0,0,0,,20230419追加
8238,0,1,0,0,●抹茶わらび餅,0,0,0,0,0,0,0,,20230419追加
8239,0,1,0,0,●えび天うどん,0,0,0,0,0,0,0,,171101新規
8240,0,1,0,0,●国産 炭焼きかつお,0,0,0,0,0,0,0,,20230419追加
8241,0,1,0,0,●生ハムオニオンマヨ,0,0,0,0,0,0,0,,20240620追加
8242,0,1,0,0,●ベジ餃子3個,0,0,0,0,0,0,0,,20230621追加
8243,0,1,0,0,●蝦夷あわび,0,0,0,0,0,0,0,,20240620追加
8244,0,1,0,0,●きゅうりスティック醤油ドレッシング＆マヨ,0,0,0,0,0,0,0,,20240620追加
8246,0,1,0,0,●玉ねぎと油揚げの味噌汁,0,0,0,0,0,0,0,,20250327追加
8247,0,1,0,0,●玉ねぎと油揚げの赤だし,0,0,0,0,0,0,0,,20250327追加
8248,0,1,0,0,●かけうどん,0,0,0,0,0,0,0,,20180222差込
8249,0,1,0,0,●(ｺｰﾝﾁｬｰｼｭｰ)鯛ｽｰﾌﾟの塩ﾗｰﾒﾝ,0,0,0,0,0,0,0,,20230921追加
8251,0,1,0,0,●1貫)とり天にぎり,0,0,0,0,0,0,0,,20250703追加
8252,0,1,0,0,●キーマカレー軍艦,0,0,0,0,0,0,0,,20250703追加
8253,0,1,0,0,●マヨキーマカレー軍艦,0,0,0,0,0,0,0,,20250703追加
8254,0,1,0,0,●まいたけ天盛り,0,0,0,0,0,0,0,,20230921追加
8255,0,1,0,0,●チキンナゲット（5個）,0,0,0,0,0,0,0,,20230921追加
8256,0,1,0,0,●赤えび,0,0,0,0,0,0,0,,20230419追加
8257,0,1,0,0,●中とろ,0,0,0,0,0,0,0,,20230419追加
8258,0,1,0,0,●中とろ塩炙り,0,0,0,0,0,0,0,,20230111追加
8259,0,1,0,0,●はまちはらみ,0,0,0,0,0,0,0,,20210707追加
8260,0,1,0,0,●赤えび塩炙り,0,0,0,0,0,0,0,,20230111追加
8261,0,1,0,0,●1貫)真鯛ポン酢ジュレ,0,0,0,0,0,0,0,,20231130追加
8263,0,1,0,0,●あかいかゲソ（大葉）,0,0,0,0,0,0,0,,20250327追加
8266,0,1,0,0,●1貫)石垣貝甘だれ胡麻,0,0,0,0,0,0,0,,20231130追加
8267,0,1,0,0,●小なす浅漬けにぎり,0,0,0,0,0,0,0,,20231130追加
8268,0,1,0,0,●ほたて,0,0,0,0,0,0,0,,20230419追加
8270,0,1,0,0,●かぼちゃ天盛り,0,0,0,0,0,0,0,,20231130追加
8271,0,1,0,0,●玄天 天然あじ,0,0,0,0,0,0,0,,20231130追加
8274,0,1,0,0,●えんがわ,0,0,0,0,0,0,0,,20231228追加
8275,0,1,0,0,●あさり（生姜）,0,0,0,0,0,0,0,,20241205追加
8276,0,1,0,0,●1貫)ほたて,0,0,0,0,0,0,0,,20241205追加
8277,0,1,0,0,●あん肝軍艦,0,0,0,0,0,0,0,,20241205追加
8278,0,1,0,0,●〆にしん,0,0,0,0,0,0,0,,20241205追加
8283,0,1,0,0,●海苔の味噌汁,0,0,0,0,0,0,0,,20200603継続
8285,0,1,0,0,●鯛スープと国産米粉入りフォー,0,0,0,0,0,0,0,,20250515追加
8289,0,1,0,0,●いかおくら,0,0,0,0,0,0,0,,20180829新規
8294,0,1,0,0,●1貫)ほっき貝,0,0,0,0,0,0,0,,20240912追加
8295,0,1,0,0,●1貫)江戸前風ほっき貝,0,0,0,0,0,0,0,,20240912追加
8296,0,1,0,0,●マンゴー杏仁豆腐,0,0,0,0,0,0,0,,20250612追加
8298,0,1,0,0,●オニオンサーモンマヨ,0,0,0,0,0,0,0,,20240912追加
8300,0,1,50,55,1貫)まぐろ,0,0,0,0,0,0,0,,20241024追加
8301,0,1,50,55,1貫)びんちょうまぐろ,0,0,0,0,0,0,0,,20210113追加
8308,0,1,50,55,1貫)真いか,0,0,0,0,0,0,0,,20181107一貫表記変更
8310,0,1,60,65,1貫)さくさくいか天,0,0,0,0,0,0,0,,20250123追加
8311,0,1,60,65,1貫)さくさくいか天(マヨ),0,0,0,0,0,0,0,,20250123追加
8314,0,1,50,55,1貫)サーモン,0,0,0,0,0,0,0,,20241024追加
8323,0,1,50,55,1貫)えび,0,0,0,0,0,0,0,,20181107一貫表記変更
8328,0,1,60,65,1貫)えび天にぎり,0,0,0,0,0,0,0,,20250123追加
8329,0,1,60,65,1貫)えび天にぎり(ﾏﾖ,0,0,0,0,0,0,0,,20250123追加
8339,0,1,73,80,1貫)〆いわし,0,0,0,0,0,0,0,,20250904追加
8344,0,1,87,95,1貫)煮穴子,0,0,0,0,0,0,0,,20250327追加
8345,0,1,50,55,1貫)玉子,0,0,0,0,0,0,0,,20181107一貫表記変更
8353,0,1,50,55,1貫)いなり,0,0,0,0,0,0,0,,20181107一貫表記変更
8355,0,1,50,55,1貫)ねぎとろ軍艦,0,0,0,0,0,0,0,,20210707追加
8357,0,1,50,55,1貫)ねぎとろの山かけ,0,0,0,0,0,0,0,,20210512追加
8360,0,1,50,55,1貫)たたき軍艦,0,0,0,0,0,0,0,,20181107一貫表記変更
8363,0,1,73,80,1貫)甘海老軍艦,0,0,0,0,0,0,0,,20250227追加
8368,0,1,50,55,1貫)納豆軍艦,0,0,0,0,0,0,0,,20210901追加
8371,0,1,50,55,1貫)サラダ軍艦,0,0,0,0,0,0,0,,20210901追加
8374,0,1,50,55,1貫)サーモン軍艦,0,0,0,0,0,0,0,,20181107一貫表記変更
8402,0,1,50,55,1貫)卵黄ねぎとろ軍艦,0,0,0,0,0,0,0,,20250227追加
8509,0,1,0,0,●キス天にぎり,0,0,0,0,0,0,0,,20210707追加
8552,0,1,100,110,感動コーン,0,0,0,0,0,0,0,,20210707追加
8573,0,1,1010,1110,3種の貝三昧と贅沢人気ネタ三昧,0,0,0,0,0,0,0,,20251009追加
8574,0,1,300,330,▼▼とろぶつ軍艦,0,0,0,0,0,0,0,,20241024追加
8575,0,1,50,55,1貫)感動コーン,0,0,0,0,0,0,0,,20210707追加
8580,0,1,119,130,大葉入りごまたくあん巻,0,0,0,0,0,0,0,,20250227追加
8587,0,1,0,0,●ねぎとろにぎり,0,0,0,0,0,0,0,,20240912追加
8604,0,1,0,0,●寒ぶり焦がし醤油炙り,0,0,0,0,0,0,0,,20181205新規食べ放題
8611,0,1,0,0,●コーヒーゼリー＆バニラ,0,0,0,0,0,0,0,,20240912追加
8617,0,1,328,360,▼▼▼玄天あじ食べ比べ,0,0,0,0,0,0,0,,20241107追加
8637,0,1,100,110,たらこ軍艦,0,0,0,0,0,0,0,,20220824追加
8649,0,1,50,55,1貫)たらこ軍艦,0,0,0,0,0,0,0,,20210901追加
8666,0,1,0,0,●海苔の赤だし,0,0,0,0,0,0,0,,20200603継続
8669,0,1,0,0,●1貫)活〆真鯛,0,0,0,0,0,0,0,,20250529追加
8672,0,1,0,0,●クリームケーキ,0,0,0,0,0,0,0,,20230419追加
8673,0,1,0,0,●ベイクドチーズケーキ,0,0,0,0,0,0,0,,20230419追加
8674,0,1,0,0,●バニラアイス,0,0,0,0,0,0,0,,20230419追加
8711,0,1,100,110,まぐたく軍艦,0,0,0,0,0,0,0,,20210901追加
8713,0,1,110,120,まぐろぶつ軍艦,0,0,0,0,0,0,0,,20250123追加
8720,0,1,0,0,●柚子塩サーモン,0,0,0,0,0,0,0,,20240912追加
8726,0,1,0,0,●柚子塩とろ〆さば,0,0,0,0,0,0,0,,20240912追加
8727,0,1,0,0,●かつおたたき,0,0,0,0,0,0,0,,20190604新規
8728,0,1,0,0,●合鴨ロース,0,0,0,0,0,0,0,,20240912追加
8729,0,1,0,0,●合鴨オニオンマヨ,0,0,0,0,0,0,0,,20240912追加
8730,0,1,0,0,●京わらび餅,0,0,0,0,0,0,0,,20250529追加
8737,0,1,0,0,●卵黄納豆軍艦,0,0,0,0,0,0,0,,20230419追加
8738,0,1,0,0,●牛しぐれ煮軍艦,0,0,0,0,0,0,0,,20240912追加
8739,0,1,0,0,●まぐろたたき巻,0,0,0,0,0,0,0,,20190604新規
8740,0,1,0,0,●とろ〆さば巻,0,0,0,0,0,0,0,,20190604新規
8741,0,1,0,0,●とろ〆さば押し寿司,0,0,0,0,0,0,0,,20210707追加
8742,0,1,0,0,●いちごﾊﾟﾝｹｰｷﾌﾟﾘﾝﾊﾟﾌｪ,0,0,0,0,0,0,0,,20201202追加
8750,0,1,100,110,炭火焼き鳥串（タレ）,0,0,0,0,0,0,0,,20250410追加
8753,0,1,50,55,1貫)まぐたく軍艦,0,0,0,0,0,0,0,,20210901追加
8773,0,1,110,120,山かけまぐろぶつ軍艦,0,0,0,0,0,0,0,,20250123追加
8775,0,1,355,390,▼▼1貫)生ずわい蟹,0,0,0,0,0,0,0,,20250327追加
8776,0,1,328,360,▼▼1貫)茹で本ずわい蟹,0,0,0,0,0,0,0,,20250424追加
8813,0,1,328,360,▼▼1貫)殻付きずわい蟹天ぷら,0,0,0,0,0,0,0,,20250424追加
8903,0,1,173,190,Mコカ・コーラゼロ,0,0,0,0,0,0,0,,20250227追加
8907,0,1,0,0,●本気シャリ（３貫）,0,0,0,0,0,0,0,,20230111追加
8915,0,1,0,0,●バニラアイス&コーヒーゼリー,0,0,0,0,0,0,0,,20190717新規
8924,0,1,0,0,●とろぶつ軍艦,0,0,0,0,0,0,0,,20211006追加
8925,0,1,0,0,●キス天にぎり,0,0,0,0,0,0,0,,20211006追加
8926,0,1,0,0,●牛カルビ炙り,0,0,0,0,0,0,0,,20230419追加
8946,0,1,0,0,●卵黄とろろ軍艦,0,0,0,0,0,0,0,,20230419追加
8983,0,1,0,0,七味,0,0,0,0,0,0,0,,20210407追加
8984,0,1,0,0,マヨネーズ,0,0,0,0,0,0,0,,20210407追加
8985,0,1,0,0,こしょう,0,0,0,0,0,0,0,,20210407追加
8986,0,1,173,190,Ｍコカ・コーラ,0,0,0,0,0,0,0,,20250227追加
8987,0,1,173,190,Ｍメロンソーダ,0,0,0,0,0,0,0,,20250227追加
8988,0,1,173,190,Ｍカルピス,0,0,0,0,0,0,0,,20250227追加
8989,0,1,173,190,Ｍカルピスソーダ,0,0,0,0,0,0,0,,20250227追加
8990,0,1,173,190,Ｍ烏龍茶,0,0,0,0,0,0,0,,20250227追加
8991,0,1,173,190,Ｍ爽健美茶,0,0,0,0,0,0,0,,20250227追加
8992,0,1,173,190,Ｍジンジャーエール,0,0,0,0,0,0,0,,20250227追加
8994,0,1,173,190,Ｍミニッツメイドオレンジ,0,0,0,0,0,0,0,,20250227追加
8995,0,1,0,0,●なす揚げびたし,0,0,0,0,0,0,0,,20250529追加
8996,0,1,0,0,●とびこ軍艦,0,0,0,0,0,0,0,,20210915_追加
9001,0,1,0,0,,1,0,0,0,0,0,0,,20230621追加
9002,0,1,0,0,※,1,0,0,0,0,0,0,,20230621追加
9020,0,1,50,55,1貫)卵黄納豆軍艦,0,0,0,0,0,0,0,,20210901追加
9039,0,1,60,65,1貫)卵黄とろろ軍艦,0,0,0,0,0,0,0,,20250904追加
9070,0,1,690,759,生ビール（大）,0,0,0,0,0,0,0,,20211103追加
9097,0,1,0,0,●テリヤキハンバーグ,0,0,0,0,0,0,0,,20230419追加
9098,0,1,0,0,●テリヤキハンバーグマヨ,0,0,0,0,0,0,0,,20230419追加
9099,0,1,0,0,●サーモン(たっぷりオニオン),0,0,0,0,0,0,0,,20210915_追加
9134,0,1,60,65,1貫)とろ〆さば軍艦,0,0,0,0,0,0,0,,20250227追加
9161,0,1,50,55,1貫)テリヤキﾊﾝﾊﾞｰｸﾞ ,0,0,0,0,0,0,0,,20200603新規
9162,0,1,50,55,1貫)ﾃﾘﾔｷﾏﾖﾊﾝﾊﾞｰｸﾞ   ,0,0,0,0,0,0,0,,20200603新規
9164,0,1,60,65,1貫)とろ〆さば,0,0,0,0,0,0,0,,20250123追加
9170,0,1,50,55,1貫)浜焼き風玉子,0,0,0,0,0,0,0,,20220914追加
9185,0,1,50,55,1貫)北海道産たらこマヨ軍艦,0,0,0,0,0,0,0,,20210901追加
9251,0,1,455,500,ｱｵｻの汁物と茶碗蒸しセット,0,0,0,0,0,0,0,,20251009追加
9252,0,1,1328,1460,先ずこれ7貫と特盛軍艦三昧,0,0,0,0,0,0,0,,20251009追加
9253,0,1,637,700,北陸家系ﾗｰﾒﾝとﾐﾆｼｬﾘ丼ﾗｰ油,0,0,0,0,0,0,0,,20251009追加
9254,0,1,410,450,いちご杏仁とｼｬﾘﾄﾞｰﾅﾂきな粉2個,0,0,0,0,0,0,0,,20251009追加
9262,0,1,100,110,テリヤキハンバーグ,0,0,0,0,0,0,0,,20191107新規
9263,0,1,100,110,テリヤキマヨハンバーグ,0,0,0,0,0,0,0,,20191107新規
9288,0,1,119,130,とろ〆さば,0,0,0,0,0,0,0,,20250123追加
9304,0,1,173,190,ガチャコイン,0,0,0,0,0,0,0,,20250227追加
9322,0,1,664,730,ルマンドプレミアムプリンといちご杏仁,0,0,0,0,0,0,0,,20251009追加
9360,0,1,119,130,とろ〆さば軍艦,0,0,0,0,0,0,0,,20250227追加
9465,0,1,100,110,たらこマヨ軍艦,0,0,0,0,0,0,0,,20220824追加
9484,0,1,100,110,1貫)うにつつみ,0,0,0,0,0,0,0,,20210407追加
9630,0,1,0,0,●貝の赤だし,0,0,0,0,0,0,0,,20210602追加
9631,0,1,0,0,●いかオクラめかぶ納豆軍艦,0,0,0,0,0,0,0,,20250327追加
9636,0,1,0,0,●いちご杏仁豆腐,0,0,0,0,0,0,0,,20210602追加
9710,0,1,0,0,●1貫)石垣貝,0,0,0,0,0,0,0,,20231130追加
9716,0,1,0,0,●アイスコーヒー,0,0,0,0,0,0,0,,20191107食べ放題新規
9717,0,1,0,0,●ホットコーヒー,0,0,0,0,0,0,0,,20191107食べ放題新規
9721,0,1,0,0,●チョコレートケーキ,0,0,0,0,0,0,0,,20230419追加
9722,0,1,0,0,●貝の味噌汁,0,0,0,0,0,0,0,,20230419追加
9723,0,1,0,0,●あおさの味噌汁,0,0,0,0,0,0,0,,20230419追加
9733,0,1,0,0,●寒ぶりはらみ,0,0,0,0,0,0,0,,20201202追加
9734,0,1,0,0,●寒ぶりはらみ炙り,0,0,0,0,0,0,0,,20201202追加
9735,0,1,0,0,●スギヨ 加賀陽小鉢,0,0,0,0,0,0,0,,20230419追加
9746,0,1,0,0,●とろ〆さば,0,0,0,0,0,0,0,,20230419追加
9747,0,1,0,0,●とろサーモン塩炙り,0,0,0,0,0,0,0,,20240620追加
9749,0,1,0,0,●1貫)活〆はまち,0,0,0,0,0,0,0,,20250529追加
9750,0,1,0,0,●寒ぶり焦がし醤油炙り,0,0,0,0,0,0,0,,20201202追加
9780,0,1,195,210,TO甘酢生姜(150ｇ),0,0,0,0,0,0,0,,20250227追加
9781,0,1,454,490,TO特選醤油360ml(関東),0,0,0,0,0,0,0,,20241024追加
9782,0,1,454,490,TO寿司醤油360ml(関西),0,0,0,0,0,0,0,,20241024追加
9783,0,1,454,490,TO減塩醤油360ml,0,0,0,0,0,0,0,,20241024追加
9785,0,1,454,490,TOだし醤油360ml,0,0,0,0,0,0,0,,20241024追加
9787,0,1,213,230,TOかっぱ茶30ｇ,0,0,0,0,0,0,0,,20241024追加
9792,0,1,1352,1460,TO醤油3本ｾｯﾄ(関東),0,0,0,0,0,0,0,,20241024追加
9793,0,1,1352,1460,TO醤油3本ｾｯﾄ(関西),0,0,0,0,0,0,0,,20241024追加
9802,0,1,0,0,●1貫)活〆真鯛塩炙り,0,0,0,0,0,0,0,,20240620追加
9814,0,1,0,0,●かにカマサラダ〜かっぱ軍艦〜,0,0,0,0,0,0,0,,20250327追加
9823,0,1,0,0,●いちご練乳の杏仁豆腐　,0,0,0,0,0,0,0,,20250313追加
9827,0,1,0,0,●とろかつお,0,0,0,0,0,0,0,,20200408放題新規
9859,0,1,0,0,●深煎りコーヒーゼリー,0,0,0,0,0,0,0,,20211006追加
9866,0,1,0,0,●活〆真鯛,0,0,0,0,0,0,0,,20230419追加
9867,0,1,0,0,●活〆真鯛塩炙り,0,0,0,0,0,0,0,,20230419追加
9890,0,1,0,0,●かにカマサラダ軍艦,0,0,0,0,0,0,0,,20230419追加
9891,0,1,0,0,●かれい えんがわ,0,0,0,0,0,0,0,,20210113追加
9904,0,1,0,0,スプーン,0,0,0,0,0,0,0,,20200729追加
9905,0,1,0,0,フォーク,0,0,0,0,0,0,0,,20201021追加
9906,0,1,0,0,おちょこ,0,0,0,0,0,0,0,,20250612追加
9909,0,1,0,0,●感動コーンかっぱ軍艦,0,0,0,0,0,0,0,,20250327追加
9917,0,1,0,0,●たらこマヨ軍艦,0,0,0,0,0,0,0,,20230419追加
9953,0,1,0,0,●白身三昧,0,0,0,0,0,0,0,,20201202追加
9954,0,1,0,0,●生たこ,0,0,0,0,0,0,0,,20201202追加
9955,0,1,0,0,●塩レモン生えび,0,0,0,0,0,0,0,,20230419追加
9956,0,1,0,0,●北海道小豆のきんつば,0,0,0,0,0,0,0,,20230419追加
9957,0,1,0,0,●杏仁豆腐 北海道産練乳がけ,0,0,0,0,0,0,0,,20250327追加
9958,0,1,0,0,●浜焼き風　あかいかゲソ,0,0,0,0,0,0,0,,20230419追加
9959,0,1,0,0,●1貫）黒毛和牛ポン酢,0,0,0,0,0,0,0,,20240620追加
9960,0,1,0,0,●フライドチキン1個,0,0,0,0,0,0,0,,20230419追加
9962,0,1,0,0,●苺のふんわりチーズムース,0,0,0,0,0,0,0,,20230419追加
9963,0,1,0,0,●ごま大葉いなり,0,0,0,0,0,0,0,,20230419追加
9964,0,1,0,0,●アジフライ,0,0,0,0,0,0,0,,20230419追加
9965,0,1,0,0,●えび天巻,0,0,0,0,0,0,0,,20230419追加
9966,0,1,0,0,●ﾌﾗｲﾄﾞﾎﾟﾃﾄ(ｻﾞｸ旨ﾗｰ油ﾏﾖ),0,0,0,0,0,0,0,,20230921追加
9968,0,1,0,0,●柚子塩真いか,0,0,0,0,0,0,0,,20201202追加
9969,0,1,0,0,●生ビール中(タンブラー),0,0,0,0,0,0,0,,20250515追加
9970,0,1,0,0,●金黒(お湯割り),0,0,0,0,0,0,0,,20230419追加
9971,0,1,0,0,●金黒(水割り),0,0,0,0,0,0,0,,20230419追加
9972,0,1,0,0,●金黒(ロック),0,0,0,0,0,0,0,,20230419追加
9973,0,1,0,0,●ブラックニッカハイボール,0,0,0,0,0,0,0,,20230419追加
9974,0,1,0,0,●アサヒスーパードライ(生ビール),0,0,0,0,0,0,0,,20230419追加
9975,0,1,0,0,●プレーンサワー,0,0,0,0,0,0,0,,20230419追加
9976,0,1,0,0,●生搾りレモンサワー,0,0,0,0,0,0,0,,20230419追加
9977,0,1,0,0,●松竹梅　豪快(熱燗),0,0,0,0,0,0,0,,20230419追加
9978,0,1,0,0,●松竹梅　豪快　辛口(冷酒),0,0,0,0,0,0,0,,20230419追加
9979,0,1,0,0,●生ビール(大),0,0,0,0,0,0,0,,20230419追加
9980,0,1,0,0,●アサヒドライゼロ(ノンアルコール),0,0,0,0,0,0,0,,20230419追加
9981,0,1,0,0,●アサヒ　ビアリー,0,0,0,0,0,0,0,,20230419追加
9982,0,1,0,0,●スパークリング清酒_澪,0,0,0,0,0,0,0,,20230419追加
9983,0,1,0,0,●松竹梅 豪快（冷や常温）,0,0,0,0,0,0,0,,20230419追加
9984,0,1,0,0,●アサヒゼロ,0,0,0,0,0,0,0,,20250515追加
9991,0,1,0,0,プラチナ優待カード,0,0,0,0,0,0,0,,20240125追加
9992,0,1,100,110,有料桶(小),0,0,0,0,0,0,0,,20221214追加
9993,0,1,100,110,有料桶(中),0,0,0,0,0,0,0,,20221214追加
9994,0,1,100,110,有料桶(大),0,0,0,0,0,0,0,,20221214追加
9995,0,1,0,0,持ち帰り注文用紙,0,0,0,0,0,0,0,,20200729追加
9996,0,1,0,0,お取り寄せ注文用紙,0,0,0,0,0,0,0,,20200729追加
9997,0,1,0,0,持ち帰り容器 小,0,0,0,0,0,0,0,,20200729追加
9998,0,1,0,0,持ち帰り容器 大,0,0,0,0,0,0,0,,20200729追加
